{"level":"info","env":"development","time":"2026-08-14T12:36:56+08:00","message":"starting api"}
{"level":"info","port":"8080","time":"2026-08-14T12:36:57+08:00","message":"listening"}
{"level":"info","requestId":"f0a6727ea1782fdee512ce5e6b409411","method":"GET","path":"/auth/me","time":"2026-08-14T12:37:15+08:00","message":"request"}
{"level":"info","requestId":"fae3f32e02acbbb7720f491a6c9a23c7","method":"GET","path":"/projects","time":"2026-08-14T12:37:15+08:00","message":"request"}
{"level":"info","requestId":"206214a2bc53cb14db1c763a7ccd2368","method":"GET","path":"/clients","time":"2026-08-14T12:37:15+08:00","message":"request"}
{"level":"info","requestId":"f3982c1a09d949ae629f5dda62104577","method":"GET","path":"/cost-items","time":"2026-08-14T12:37:15+08:00","message":"request"}
{"level":"info","requestId":"23ba7ad7cfdb32b163db52be0d8a0907","method":"GET","path":"/estimates","time":"2026-08-14T12:37:15+08:00","message":"request"}
{"level":"info","requestId":"242c118f5216f6beedb3a3064f0be426","method":"GET","path":"/quotations","time":"2026-08-14T12:37:15+08:00","message":"request"}
{"level":"info","requestId":"b0ba6b3525d249e5a4feba506bb2eb85","method":"GET","path":"/rfqs","time":"2026-08-14T12:37:15+08:00","message":"request"}
{"level":"info","requestId":"081a7477f164ae980b576cef7de29744","method":"GET","path":"/auth/me","time":"2026-08-14T12:37:49+08:00","message":"request"}
{"level":"info","requestId":"f328003c098929acc40a2a6bc7ca091f","method":"GET","path":"/auth/me","time":"2026-08-14T12:38:01+08:00","message":"request"}
{"level":"info","requestId":"2230438bde1a869ea7ad4cf6fe1ae7c6","method":"GET","path":"/projects","time":"2026-08-14T12:38:01+08:00","message":"request"}
{"level":"info","requestId":"0ac7aef543805b317467c50b7baaaae6","method":"GET","path":"/clients","time":"2026-08-14T12:38:01+08:00","message":"request"}
{"level":"info","requestId":"e653c5b7f368424c6a8ccaa098c249d7","method":"GET","path":"/auth/me","time":"2026-08-14T12:38:12+08:00","message":"request"}
{"level":"info","requestId":"0d456e61b381bc90d0c4369c34d2d485","method":"GET","path":"/clients","time":"2026-08-14T12:38:12+08:00","message":"request"}
{"level":"info","requestId":"547eb317339ec3ddd07213fe7752a782","method":"POST","path":"/clients","time":"2026-08-14T12:38:32+08:00","message":"request"}
{"level":"info","requestId":"480b41a4b69231038dbe3536b9fc8400","method":"GET","path":"/clients","time":"2026-08-14T12:38:32+08:00","message":"request"}
{"level":"info","requestId":"6cc242d87c5eec130c9532f45385bd6a","method":"GET","path":"/auth/me","time":"2026-08-14T12:38:36+08:00","message":"request"}
{"level":"info","requestId":"33acf99e2741a5336bd7a36b3cfec6b9","method":"GET","path":"/projects","time":"2026-08-14T12:38:36+08:00","message":"request"}
{"level":"info","requestId":"36d68479cdc76bb20852e2b9e6dcb650","method":"GET","path":"/clients","time":"2026-08-14T12:38:36+08:00","message":"request"}
{"level":"info","requestId":"3c77df25e11fbb9b8399090837865296","method":"POST","path":"/projects","time":"2026-08-14T12:39:09+08:00","message":"request"}
{"level":"info","requestId":"9852153a409626edcd2229865e666281","method":"GET","path":"/projects","time":"2026-08-14T12:39:09+08:00","message":"request"}
{"level":"info","requestId":"d86bf99fdfbeb0aab0ad1a336b207f49","method":"GET","path":"/clients","time":"2026-08-14T12:39:09+08:00","message":"request"}
{"level":"info","requestId":"78ec5e9cc4d925c42969079b3751d803","method":"GET","path":"/projects/6a7e9bed5b4243c8065aa6d1","time":"2026-08-14T12:39:17+08:00","message":"request"}
{"level":"info","requestId":"5f55c28ffe2e24fe9e174382b13616e2","method":"GET","path":"/properties","time":"2026-08-14T12:39:17+08:00","message":"request"}
{"level":"info","requestId":"d652275e4db9f49b4ae73b693b27f473","method":"GET","path":"/spaces","time":"2026-08-14T12:39:17+08:00","message":"request"}
{"level":"info","requestId":"a3a758d9c5f43e3765768aec6b1d0692","method":"GET","path":"/work-items","time":"2026-08-14T12:39:17+08:00","message":"request"}
{"level":"info","requestId":"889ecdee75e9e8c65b2b8a197b7687eb","method":"GET","path":"/cost-items","time":"2026-08-14T12:39:17+08:00","message":"request"}
{"level":"info","requestId":"d30d71ded403f6dbe20bfb4905b67581","method":"GET","path":"/estimates","time":"2026-08-14T12:39:17+08:00","message":"request"}
{"level":"info","requestId":"09e3386d9304e1a646fb320557d89fba","method":"GET","path":"/quotations","time":"2026-08-14T12:39:17+08:00","message":"request"}
{"level":"info","requestId":"91ac90ba905bcbdbc844b89ce636bf02","method":"GET","path":"/rfqs","time":"2026-08-14T12:39:17+08:00","message":"request"}
{"level":"info","requestId":"3260e79da81227e5ab4290b0e28adac6","method":"GET","path":"/clients/6a7e9bc85b4243c8065aa6d0","time":"2026-08-14T12:39:17+08:00","message":"request"}
{"level":"info","requestId":"3f0235338c187391fefd4d22ada2f6e0","method":"GET","path":"/auth/me","time":"2026-08-14T12:39:26+08:00","message":"request"}
{"level":"info","requestId":"a8222bab78607976e96f530dfc2b72ff","method":"GET","path":"/materials","time":"2026-08-14T12:39:26+08:00","message":"request"}
{"level":"info","requestId":"a3700e089c77fae58cd01b97a46e1e5d","method":"GET","path":"/workers","time":"2026-08-14T12:39:26+08:00","message":"request"}
{"level":"info","requestId":"e841cc0c252a672e904f93cdf8ff9acb","method":"GET","path":"/labour-entries","time":"2026-08-14T12:39:26+08:00","message":"request"}
{"level":"info","requestId":"6b5eb14f22b2890c88cce700a518f51a","method":"GET","path":"/work-items","time":"2026-08-14T12:39:26+08:00","message":"request"}
{"level":"info","requestId":"a5daf8d874e32ce1ee96c1c7d8414676","method":"POST","path":"/materials","time":"2026-08-14T12:39:55+08:00","message":"request"}
{"level":"info","requestId":"f68065332a36f815b41ce0fbc9c663d7","method":"GET","path":"/materials","time":"2026-08-14T12:39:55+08:00","message":"request"}
{"level":"info","requestId":"6b4572718f957833270879b97a04eee1","method":"POST","path":"/materials","time":"2026-08-14T12:40:23+08:00","message":"request"}
{"level":"info","requestId":"ceb0eb36bf0c20583f2d3dbedade5c60","method":"GET","path":"/materials","time":"2026-08-14T12:40:23+08:00","message":"request"}
{"level":"info","requestId":"a8b253bf02d3afced46d3cae71d38efd","method":"GET","path":"/auth/me","time":"2026-08-14T12:40:29+08:00","message":"request"}
{"level":"info","requestId":"0fc0b9b797b1f0b7ab6d1416f2adb473","method":"GET","path":"/work-items","time":"2026-08-14T12:40:29+08:00","message":"request"}
{"level":"info","requestId":"8ba5c054aa2c3e92f52bb6c3b895f0cc","method":"GET","path":"/spaces","time":"2026-08-14T12:40:29+08:00","message":"request"}
{"level":"info","requestId":"d9bdfdb01e0453f56d11cf59156356cb","method":"POST","path":"/work-items","time":"2026-08-14T12:40:48+08:00","message":"request"}
{"level":"info","requestId":"03231e7452c0687a3460b759b0f628ab","method":"GET","path":"/work-items","time":"2026-08-14T12:40:48+08:00","message":"request"}
{"level":"info","requestId":"89e0b0d542264e178d095326b5deeefd","method":"GET","path":"/auth/me","time":"2026-08-14T12:40:57+08:00","message":"request"}
{"level":"info","requestId":"53d6cb594fac27fa6322744597075df8","method":"GET","path":"/cost-items","time":"2026-08-14T12:40:57+08:00","message":"request"}
{"level":"info","requestId":"b5c5e895ad06e6df225a17268490012a","method":"GET","path":"/work-items","time":"2026-08-14T12:40:57+08:00","message":"request"}
{"level":"info","requestId":"1a3233fa608dd01b9840496f5fed031f","method":"GET","path":"/materials","time":"2026-08-14T12:40:57+08:00","message":"request"}
{"level":"info","requestId":"ec61afe5cafc81e7ba58611f089fa663","method":"POST","path":"/cost-items","time":"2026-08-14T12:42:00+08:00","message":"request"}
{"level":"info","requestId":"86b238c2a50f903f71e05ed8d766ef99","method":"GET","path":"/cost-items","time":"2026-08-14T12:42:00+08:00","message":"request"}
{"level":"info","requestId":"ae7153890de78cd98378cc23f631bf5f","method":"GET","path":"/auth/me","time":"2026-08-14T12:42:17+08:00","message":"request"}
{"level":"info","requestId":"8b83a776ec72c197d16dcef83ff211ad","method":"GET","path":"/material-requirements","time":"2026-08-14T12:42:17+08:00","message":"request"}
{"level":"info","requestId":"c230096ec800a25dc6040d91cfff879b","method":"GET","path":"/rfqs","time":"2026-08-14T12:42:17+08:00","message":"request"}
{"level":"info","requestId":"5a27e946409a0c6cbc1f700b120d2dfb","method":"GET","path":"/materials","time":"2026-08-14T12:42:17+08:00","message":"request"}
{"level":"info","requestId":"fa426aec5eed50eae5d92f25487c7ad5","method":"GET","path":"/suppliers","time":"2026-08-14T12:42:17+08:00","message":"request"}
{"level":"info","requestId":"193a3cc48674c48a18250227c2f7f23f","method":"GET","path":"/work-items","time":"2026-08-14T12:42:17+08:00","message":"request"}
{"level":"info","requestId":"1671d061aa968d3920b426691f469def","method":"POST","path":"/material-requirements","time":"2026-08-14T12:42:50+08:00","message":"request"}
{"level":"info","requestId":"6229ac54322cf8a0144479abc82b2486","method":"GET","path":"/rfqs","time":"2026-08-14T12:42:50+08:00","message":"request"}
{"level":"info","requestId":"a1979caff99b1cb0a49af226901d296f","method":"GET","path":"/material-requirements","time":"2026-08-14T12:42:50+08:00","message":"request"}
{"level":"info","requestId":"1f1af7a02aef344b0439e02ab454eeae","method":"GET","path":"/work-items","time":"2026-08-14T12:42:50+08:00","message":"request"}
{"level":"info","requestId":"d54f1e7060242446959b7d35ebabd5f3","method":"POST","path":"/projects/6a7e9bed5b4243c8065aa6d1/rfqs","time":"2026-08-14T12:43:45+08:00","message":"request"}
{"level":"info","requestId":"defc074e0a7c6d2286d31473fe895ada","method":"GET","path":"/rfqs","time":"2026-08-14T12:43:45+08:00","message":"request"}
{"level":"info","requestId":"1747019ad05d7b2b029f33468e9b9fd9","method":"GET","path":"/material-requirements","time":"2026-08-14T12:43:45+08:00","message":"request"}
{"level":"info","requestId":"8ac101383b5364e728b0495b97746f2b","method":"GET","path":"/work-items","time":"2026-08-14T12:43:45+08:00","message":"request"}
{"level":"info","requestId":"50472ade2046a50adc467f690d495a54","method":"GET","path":"/rfq-chains/6a7e9d015b4243c8065aa6d8/invitations","time":"2026-08-14T12:43:45+08:00","message":"request"}
{"level":"info","requestId":"932ad4bf28844f463c5b8b3deeeb2e0c","method":"POST","path":"/material-requirements/6a7e9cca5b4243c8065aa6d6/review","time":"2026-08-14T12:43:56+08:00","message":"request"}
{"level":"info","requestId":"0cbd75c90fd03fb55ad43fca113e8e56","method":"GET","path":"/material-requirements","time":"2026-08-14T12:43:57+08:00","message":"request"}
{"level":"info","requestId":"2b0a0d98e010f437afbe7e26528401d2","method":"POST","path":"/rfqs/6a7e9d015b4243c8065aa6d8/lines","time":"2026-08-14T12:44:05+08:00","message":"request"}
{"level":"info","requestId":"78d13a8642f01592d263556add020392","method":"GET","path":"/rfqs","time":"2026-08-14T12:44:05+08:00","message":"request"}
{"level":"info","requestId":"be8a08e7a541c7f50bc76bf9f1df7ca7","method":"GET","path":"/material-requirements","time":"2026-08-14T12:44:05+08:00","message":"request"}
{"level":"info","requestId":"15d2180cc3840ace54d9489692e0002c","method":"POST","path":"/projects/6a7e9bed5b4243c8065aa6d1/material-requirements/generate","time":"2026-08-14T12:44:13+08:00","message":"request"}
{"level":"info","requestId":"c34c3041146d04fdc6fb5ba39cc5ecd2","method":"GET","path":"/material-requirements","time":"2026-08-14T12:44:13+08:00","message":"request"}
{"level":"info","requestId":"1577d06c699e0271cd1dbe5808dfa277","method":"GET","path":"/rfqs","time":"2026-08-14T12:44:13+08:00","message":"request"}
{"level":"info","requestId":"d263bc9d6cc98fffda471b4d98f7cb95","method":"GET","path":"/work-items","time":"2026-08-14T12:44:13+08:00","message":"request"}
{"level":"info","requestId":"095387a50bacb9517713f62c3601af0e","method":"POST","path":"/projects/6a7e9bed5b4243c8065aa6d1/material-requirements/generate","time":"2026-08-14T12:44:35+08:00","message":"request"}
{"level":"info","requestId":"515bf35cd66d5f1832414b49f20e6e03","method":"GET","path":"/rfqs","time":"2026-08-14T12:44:35+08:00","message":"request"}
{"level":"info","requestId":"ad8a084f42c11b84c7c6659111e4559d","method":"GET","path":"/material-requirements","time":"2026-08-14T12:44:35+08:00","message":"request"}
{"level":"info","requestId":"c980d2007a9d74a3362ea7c97c20100b","method":"GET","path":"/work-items","time":"2026-08-14T12:44:35+08:00","message":"request"}
{"level":"info","requestId":"aa7ca524fca783da2afb69e2026bfee3","method":"PATCH","path":"/rfqs/6a7e9d015b4243c8065aa6d8","time":"2026-08-14T12:46:03+08:00","message":"request"}
{"level":"info","requestId":"f9f578817577937bb9f46138277435af","method":"GET","path":"/rfqs","time":"2026-08-14T12:46:03+08:00","message":"request"}
{"level":"info","requestId":"27f96479149a13177d533ede357aa031","method":"POST","path":"/rfqs/6a7e9d015b4243c8065aa6d8/ready","time":"2026-08-14T12:46:15+08:00","message":"request"}
{"level":"info","requestId":"c8286cff88eb0f85ac6debf58b4a28df","method":"GET","path":"/rfqs","time":"2026-08-14T12:46:15+08:00","message":"request"}
{"level":"info","requestId":"03ed5bf867bfbc623379871dbd8f179a","method":"GET","path":"/rfq-chains/6a7e9d015b4243c8065aa6d8/invitations","time":"2026-08-14T12:46:15+08:00","message":"request"}
{"level":"info","requestId":"cca1ba7bc4a0e217dd7e1aacbd1f3af0","method":"GET","path":"/work-items","time":"2026-08-14T12:46:15+08:00","message":"request"}
{"level":"info","requestId":"764ca0cc87f53f5b10878bf3e30ca67d","method":"GET","path":"/material-requirements","time":"2026-08-14T12:46:15+08:00","message":"request"}
{"level":"info","requestId":"638a03dd2e780636b028ca77354a0f04","method":"GET","path":"/rfq-chains/6a7e9d015b4243c8065aa6d8/versions","time":"2026-08-14T12:46:15+08:00","message":"request"}
{"level":"info","requestId":"a12c4b11ab050da590769fe6611f23d1","method":"POST","path":"/rfqs/6a7e9d015b4243c8065aa6d8/reopen","time":"2026-08-14T12:46:29+08:00","message":"request"}
{"level":"info","requestId":"538a5eac055ddb44ee193f160fb61dfd","method":"GET","path":"/rfqs","time":"2026-08-14T12:46:29+08:00","message":"request"}
{"level":"info","requestId":"c56ed910ddbc305c804085fbc40c5d4f","method":"GET","path":"/material-requirements","time":"2026-08-14T12:46:29+08:00","message":"request"}
{"level":"info","requestId":"56f4af7e393fcd5a2bb8d095dcf244da","method":"GET","path":"/work-items","time":"2026-08-14T12:46:29+08:00","message":"request"}
{"level":"info","requestId":"2d91596ae90f3800fe27ba1479da15fa","method":"GET","path":"/rfq-chains/6a7e9d015b4243c8065aa6d8/versions","time":"2026-08-14T12:46:29+08:00","message":"request"}
{"level":"info","requestId":"d2b7c5a7f501e29ba0d4705667f7d0ad","method":"GET","path":"/rfq-chains/6a7e9d015b4243c8065aa6d8/invitations","time":"2026-08-14T12:46:29+08:00","message":"request"}
{"level":"info","requestId":"2bd0984ce25883109ab8516d4bbc5e5a","method":"POST","path":"/material-requirements/6a7e9d1d5b4243c8065aa6dd/review","time":"2026-08-14T12:46:45+08:00","message":"request"}
{"level":"info","requestId":"87d11dcdb6d355f4194843f07993f9f9","method":"GET","path":"/material-requirements","time":"2026-08-14T12:46:45+08:00","message":"request"}
{"level":"info","requestId":"ef3070eabc78b456e4d05b85aef1c214","method":"POST","path":"/rfqs/6a7e9d015b4243c8065aa6d8/ready","time":"2026-08-14T12:47:27+08:00","message":"request"}
{"level":"info","requestId":"5d6553dc15da9c99c7784875c5e1d41c","method":"GET","path":"/rfqs","time":"2026-08-14T12:47:27+08:00","message":"request"}
{"level":"info","requestId":"85dd8a2ce878871eaf628e34325f0410","method":"GET","path":"/material-requirements","time":"2026-08-14T12:47:27+08:00","message":"request"}
{"level":"info","requestId":"5c65823d5eb0e9a49f2c10af628ed1b4","method":"GET","path":"/work-items","time":"2026-08-14T12:47:27+08:00","message":"request"}
{"level":"info","requestId":"6a3131be51f2ca9cd6497097f8b1a870","method":"GET","path":"/rfq-chains/6a7e9d015b4243c8065aa6d8/invitations","time":"2026-08-14T12:47:27+08:00","message":"request"}
{"level":"info","requestId":"5d5e75b4df0870f7c1d71724010c15a6","method":"GET","path":"/rfq-chains/6a7e9d015b4243c8065aa6d8/versions","time":"2026-08-14T12:47:27+08:00","message":"request"}
{"level":"info","requestId":"e409734c140aeb49c3b123e7ef2fc6d5","method":"POST","path":"/rfq-chains/6a7e9d015b4243c8065aa6d8/issue","time":"2026-08-14T12:47:37+08:00","message":"request"}
{"level":"info","requestId":"a614ad7946c03c702bc8b178b53c0e0e","method":"GET","path":"/rfqs","time":"2026-08-14T12:47:37+08:00","message":"request"}
{"level":"info","requestId":"79514fbc28750a05599b03893a52e1e8","method":"GET","path":"/material-requirements","time":"2026-08-14T12:47:37+08:00","message":"request"}
{"level":"info","requestId":"283a05002ce5eb6bfd557ab45d5089ff","method":"GET","path":"/work-items","time":"2026-08-14T12:47:37+08:00","message":"request"}
{"level":"info","requestId":"7cbfa6d7a4b4e0ad8be64efcabfa732f","method":"GET","path":"/rfq-chains/6a7e9d015b4243c8065aa6d8/versions","time":"2026-08-14T12:47:37+08:00","message":"request"}
{"level":"info","requestId":"5ac00f84ba7ccc64207c4ae588ad6b33","method":"GET","path":"/rfq-chains/6a7e9d015b4243c8065aa6d8/invitations","time":"2026-08-14T12:47:37+08:00","message":"request"}
{"level":"info","requestId":"6e54cd209d9c37b939b534f9f12a5656","method":"GET","path":"/rfq-chains/6a7e9d015b4243c8065aa6d8/issued-versions/6a7e9de95b4243c8065aa6e7/comparison","time":"2026-08-14T12:47:37+08:00","message":"request"}
{"level":"info","requestId":"e31fde6cb186cc75e12a5a36a6c33918","method":"GET","path":"/rfq-chains/6a7e9d015b4243c8065aa6d8/issued-versions/6a7e9de95b4243c8065aa6e7/award-revisions","time":"2026-08-14T12:47:37+08:00","message":"request"}
{"level":"info","requestId":"c8acbd8e8cc47a5b3304818086ec4bf9","method":"POST","path":"/suppliers","time":"2026-08-14T12:48:49+08:00","message":"request"}
{"level":"info","requestId":"0300aca44a1335f56400d2405c888612","method":"GET","path":"/suppliers","time":"2026-08-14T12:48:49+08:00","message":"request"}
{"level":"info","requestId":"b2244711e0467068601e55cee397bf97","method":"POST","path":"/rfq-chains/6a7e9d015b4243c8065aa6d8/invitations","time":"2026-08-14T12:49:21+08:00","message":"request"}
{"level":"info","requestId":"5bc5ac63089212be8e4634ff0267236a","method":"GET","path":"/rfqs","time":"2026-08-14T12:49:21+08:00","message":"request"}
{"level":"info","requestId":"e32069cc442b84f9d6a013032e3b6a80","method":"GET","path":"/material-requirements","time":"2026-08-14T12:49:21+08:00","message":"request"}
{"level":"info","requestId":"1bedb516d04f3f03f71b9f2377b37975","method":"GET","path":"/work-items","time":"2026-08-14T12:49:21+08:00","message":"request"}
{"level":"info","requestId":"ea6ce9f990dc4db48276e4f59099de8f","method":"GET","path":"/rfq-chains/6a7e9d015b4243c8065aa6d8/invitations","time":"2026-08-14T12:49:21+08:00","message":"request"}
{"level":"info","requestId":"c52ce16ece8226a1999fb1ff45aaf87d","method":"GET","path":"/rfq-chains/6a7e9d015b4243c8065aa6d8/versions","time":"2026-08-14T12:49:21+08:00","message":"request"}
{"level":"info","requestId":"6a1a97c1e6c64e395ec0d8b9ded9f49f","method":"GET","path":"/rfq-chains/6a7e9d015b4243c8065aa6d8/issued-versions/6a7e9de95b4243c8065aa6e7/comparison","time":"2026-08-14T12:49:21+08:00","message":"request"}
{"level":"info","requestId":"41b61536c3f3a59515709612a33931ac","method":"GET","path":"/rfq-chains/6a7e9d015b4243c8065aa6d8/issued-versions/6a7e9de95b4243c8065aa6e7/award-revisions","time":"2026-08-14T12:49:21+08:00","message":"request"}
{"level":"info","requestId":"9184747c07a82209780b0ab859d74595","method":"POST","path":"/rfq-chains/6a7e9d015b4243c8065aa6d8/invitations/6a7e9e515b4243c8065aa6eb/send","time":"2026-08-14T12:49:31+08:00","message":"request"}
{"level":"info","requestId":"8836395705091dbc4308b24de7a99d44","method":"GET","path":"/rfqs","time":"2026-08-14T12:49:31+08:00","message":"request"}
{"level":"info","requestId":"24bb801eda51499547f110eca416c3b2","method":"GET","path":"/material-requirements","time":"2026-08-14T12:49:31+08:00","message":"request"}
{"level":"info","requestId":"f15c1d4b41bed6825473313d32965a18","method":"GET","path":"/work-items","time":"2026-08-14T12:49:31+08:00","message":"request"}
{"level":"info","requestId":"af1f76bd202be93b9336e7eddf39de22","method":"GET","path":"/rfq-chains/6a7e9d015b4243c8065aa6d8/versions","time":"2026-08-14T12:49:31+08:00","message":"request"}
{"level":"info","requestId":"4e1be72e45bc072ec85a90b1a2783d13","method":"GET","path":"/rfq-chains/6a7e9d015b4243c8065aa6d8/invitations","time":"2026-08-14T12:49:31+08:00","message":"request"}
{"level":"info","requestId":"9da77721a69d7556b284771f2756c02e","method":"GET","path":"/rfq-chains/6a7e9d015b4243c8065aa6d8/issued-versions/6a7e9de95b4243c8065aa6e7/award-revisions","time":"2026-08-14T12:49:31+08:00","message":"request"}
{"level":"info","requestId":"e93d8a4bd3bd583d1755bb5d2e5cebe8","method":"GET","path":"/rfq-chains/6a7e9d015b4243c8065aa6d8/issued-versions/6a7e9de95b4243c8065aa6e7/comparison","time":"2026-08-14T12:49:31+08:00","message":"request"}
{"level":"info","requestId":"9448fdf4ca3dda34f254952478818bc1","method":"GET","path":"/auth/me","time":"2026-08-14T12:52:28+08:00","message":"request"}
{"level":"info","requestId":"1a0e1ea64c15e2959da8510b005b3b69","method":"GET","path":"/rfqs","time":"2026-08-14T12:52:29+08:00","message":"request"}
{"level":"info","requestId":"a139d2227fd07114e92145a4702642e2","method":"GET","path":"/material-requirements","time":"2026-08-14T12:52:29+08:00","message":"request"}
{"level":"info","requestId":"a2f4f6c93df6301e6727c5505648ebfd","method":"GET","path":"/materials","time":"2026-08-14T12:52:29+08:00","message":"request"}
{"level":"info","requestId":"1bfa4302fa8167c594a0e4d3e2cb502f","method":"GET","path":"/suppliers","time":"2026-08-14T12:52:29+08:00","message":"request"}
{"level":"info","requestId":"a6c72199eea4af0e1273f9d8d37014a6","method":"GET","path":"/work-items","time":"2026-08-14T12:52:29+08:00","message":"request"}
{"level":"info","requestId":"c21c436556bc2e3e23368b61b7316ac5","method":"GET","path":"/rfq-chains/6a7e9d015b4243c8065aa6d8/versions","time":"2026-08-14T12:52:29+08:00","message":"request"}
{"level":"info","requestId":"82835486a533f80dffae826c81497da2","method":"GET","path":"/rfq-chains/6a7e9d015b4243c8065aa6d8/invitations","time":"2026-08-14T12:52:29+08:00","message":"request"}
{"level":"info","requestId":"cbfe88a1446b545051426a8411050304","method":"GET","path":"/rfq-chains/6a7e9d015b4243c8065aa6d8/issued-versions/6a7e9de95b4243c8065aa6e7/comparison","time":"2026-08-14T12:52:29+08:00","message":"request"}
{"level":"info","requestId":"08d218c66ce7a05b7e165627cff168bb","method":"GET","path":"/rfq-chains/6a7e9d015b4243c8065aa6d8/issued-versions/6a7e9de95b4243c8065aa6e7/award-revisions","time":"2026-08-14T12:52:29+08:00","message":"request"}
{"level":"info","requestId":"1371666903b5cd513dc3a23ecb9f48df","method":"POST","path":"/rfq-chains/6a7e9d015b4243c8065aa6d8/issued-versions/6a7e9de95b4243c8065aa6e7/award-draft","time":"2026-08-14T12:53:02+08:00","message":"request"}
{"level":"info","requestId":"d05b0b5f05cf9d9069846080adb4baed","method":"PUT","path":"/rfq-chains/6a7e9d015b4243c8065aa6d8/issued-versions/6a7e9de95b4243c8065aa6e7/award-draft/lines/6a7e9de95b4243c8065aa6e5/selection","time":"2026-08-14T12:53:02+08:00","message":"request"}
{"level":"info","requestId":"babf43308886b6f6baa29079067036ac","method":"GET","path":"/rfqs","time":"2026-08-14T12:53:02+08:00","message":"request"}
{"level":"info","requestId":"cecc584ecba873642250d85f254504bf","method":"GET","path":"/material-requirements","time":"2026-08-14T12:53:02+08:00","message":"request"}
{"level":"info","requestId":"cc8fc660ec70ae263ec5066d82a1df76","method":"GET","path":"/rfq-chains/6a7e9d015b4243c8065aa6d8/versions","time":"2026-08-14T12:53:02+08:00","message":"request"}
{"level":"info","requestId":"f1bc253f65ba7bd25d83fcde885a90f1","method":"GET","path":"/work-items","time":"2026-08-14T12:53:02+08:00","message":"request"}
{"level":"info","requestId":"772096c287ebf897eeebcabf0af27843","method":"GET","path":"/rfq-chains/6a7e9d015b4243c8065aa6d8/invitations","time":"2026-08-14T12:53:02+08:00","message":"request"}
{"level":"info","requestId":"59a0a112810c0b7a9e222fa9021a4828","method":"GET","path":"/rfq-chains/6a7e9d015b4243c8065aa6d8/issued-versions/6a7e9de95b4243c8065aa6e7/comparison","time":"2026-08-14T12:53:02+08:00","message":"request"}
{"level":"info","requestId":"430c402a410d0bd7dac74d928bc56610","method":"GET","path":"/rfq-chains/6a7e9d015b4243c8065aa6d8/issued-versions/6a7e9de95b4243c8065aa6e7/award-revisions","time":"2026-08-14T12:53:02+08:00","message":"request"}
{"level":"info","requestId":"81bcd528df85805aca39101f4b658e79","method":"POST","path":"/rfq-chains/6a7e9d015b4243c8065aa6d8/issued-versions/6a7e9de95b4243c8065aa6e7/award-revisions","time":"2026-08-14T12:53:10+08:00","message":"request"}
{"level":"info","requestId":"d7127be07c52c234ec8d75e64f613a82","method":"GET","path":"/rfqs","time":"2026-08-14T12:53:10+08:00","message":"request"}
{"level":"info","requestId":"8d700c0a94e88334077e4e31251b59e8","method":"GET","path":"/material-requirements","time":"2026-08-14T12:53:10+08:00","message":"request"}
{"level":"info","requestId":"02a5f7b2447432e767fdfe0415b6edcd","method":"GET","path":"/work-items","time":"2026-08-14T12:53:10+08:00","message":"request"}
{"level":"info","requestId":"1eab7c87a95576172b4171338824d100","method":"GET","path":"/rfq-chains/6a7e9d015b4243c8065aa6d8/issued-versions/6a7e9de95b4243c8065aa6e7/award-revisions","time":"2026-08-14T12:53:10+08:00","message":"request"}
{"level":"info","requestId":"b76e2b76f638e8ca71f108dd1fde12f8","method":"GET","path":"/rfq-chains/6a7e9d015b4243c8065aa6d8/versions","time":"2026-08-14T12:53:10+08:00","message":"request"}
{"level":"info","requestId":"6631f0f211632c7976e6c06d792b4ecb","method":"GET","path":"/rfq-chains/6a7e9d015b4243c8065aa6d8/invitations","time":"2026-08-14T12:53:10+08:00","message":"request"}
{"level":"info","requestId":"6bbb4fce2b73805ff165647e747e6104","method":"GET","path":"/rfq-chains/6a7e9d015b4243c8065aa6d8/issued-versions/6a7e9de95b4243c8065aa6e7/comparison","time":"2026-08-14T12:53:10+08:00","message":"request"}
{"level":"info","requestId":"189dc9099389b096ac83c53b5660c808","method":"GET","path":"/auth/me","time":"2026-08-14T12:53:58+08:00","message":"request"}
{"level":"info","requestId":"0c626837dc6ecb8db73a08f78f910a5e","method":"GET","path":"/cost-items","time":"2026-08-14T12:53:58+08:00","message":"request"}
{"level":"info","requestId":"5ddd93ccf9c795f0739ac5c7a6e6b512","method":"GET","path":"/work-items","time":"2026-08-14T12:53:58+08:00","message":"request"}
{"level":"info","requestId":"44a401d9bd509824cbbe47d0c07ded34","method":"GET","path":"/materials","time":"2026-08-14T12:53:58+08:00","message":"request"}
{"level":"info","requestId":"2beccb21d50f6eaef3ea748f886c80d5","method":"POST","path":"/cost-items","time":"2026-08-14T12:55:18+08:00","message":"request"}
{"level":"info","requestId":"8d55f57323e7e6baa89276a22dcb70ea","method":"GET","path":"/cost-items","time":"2026-08-14T12:55:18+08:00","message":"request"}
{"level":"info","requestId":"6bfcbdee7ae285504b46aace80035711","method":"GET","path":"/auth/me","time":"2026-08-14T12:55:27+08:00","message":"request"}
{"level":"info","requestId":"a1466fc08c17a95d70b55733d7f566ea","method":"GET","path":"/rfqs","time":"2026-08-14T12:55:27+08:00","message":"request"}
{"level":"info","requestId":"c47f921dd6ed1559f4f44300ec14d24f","method":"GET","path":"/material-requirements","time":"2026-08-14T12:55:27+08:00","message":"request"}
{"level":"info","requestId":"8f3c3c0a628ae44d505689e4a9e7daf3","method":"GET","path":"/materials","time":"2026-08-14T12:55:27+08:00","message":"request"}
{"level":"info","requestId":"e39f1009f04f67c3ff68f8b7e7d96ff1","method":"GET","path":"/suppliers","time":"2026-08-14T12:55:27+08:00","message":"request"}
{"level":"info","requestId":"5947ba6b935e2d2eda9fe2bcc55708cf","method":"GET","path":"/work-items","time":"2026-08-14T12:55:27+08:00","message":"request"}
{"level":"info","requestId":"8ad3e13ae60543336aeac2ab039d34eb","method":"GET","path":"/rfq-chains/6a7e9d015b4243c8065aa6d8/versions","time":"2026-08-14T12:55:27+08:00","message":"request"}
{"level":"info","requestId":"798603342471f921df6ce65169d38e95","method":"GET","path":"/rfq-chains/6a7e9d015b4243c8065aa6d8/invitations","time":"2026-08-14T12:55:27+08:00","message":"request"}
{"level":"info","requestId":"677bc7c17ff085656bcd84316198837d","method":"GET","path":"/rfq-chains/6a7e9d015b4243c8065aa6d8/issued-versions/6a7e9de95b4243c8065aa6e7/comparison","time":"2026-08-14T12:55:27+08:00","message":"request"}
{"level":"info","requestId":"526988cf47b5196aa29edf735401f479","method":"GET","path":"/rfq-chains/6a7e9d015b4243c8065aa6d8/issued-versions/6a7e9de95b4243c8065aa6e7/award-revisions","time":"2026-08-14T12:55:27+08:00","message":"request"}
{"level":"info","requestId":"f6a7d5cef6f7fd9f4254a4127729dc44","method":"POST","path":"/projects/6a7e9bed5b4243c8065aa6d1/material-requirements/generate","time":"2026-08-14T12:55:37+08:00","message":"request"}
{"level":"info","requestId":"7e1802186758f6605170c51b631e9aac","method":"GET","path":"/rfqs","time":"2026-08-14T12:55:37+08:00","message":"request"}
{"level":"info","requestId":"7a93a15f50f69f7ad065f1402451ba98","method":"GET","path":"/work-items","time":"2026-08-14T12:55:37+08:00","message":"request"}
{"level":"info","requestId":"85c01ab933b86c0e6d12172ab4044545","method":"GET","path":"/material-requirements","time":"2026-08-14T12:55:37+08:00","message":"request"}
{"level":"info","requestId":"12c41cb1916e64323326843523c8b9cb","method":"GET","path":"/material-requirements/6a7e9d1d5b4243c8065aa6dd/source-discrepancy","time":"2026-08-14T12:56:05+08:00","message":"request"}
{"level":"info","requestId":"0836d616f07817cdf2c53e711d3ff9df","method":"POST","path":"/material-requirements/6a7e9d1d5b4243c8065aa6dd/source-discrepancy/resolve","time":"2026-08-14T12:56:27+08:00","message":"request"}
{"level":"info","requestId":"c480ba3999c90f709a674925b9185bfa","method":"GET","path":"/material-requirements/6a7e9d1d5b4243c8065aa6dd/source-discrepancy","time":"2026-08-14T12:56:27+08:00","message":"request"}
{"level":"info","requestId":"6b344bfceb3101eb95de6f3095ff9a1f","method":"GET","path":"/material-requirements","time":"2026-08-14T12:56:27+08:00","message":"request"}
{"level":"info","requestId":"be56b1a3bc7a14fcd18b9f075a3b9ad4","method":"GET","path":"/auth/me","time":"2026-08-14T12:56:48+08:00","message":"request"}
{"level":"info","requestId":"c1a12c802161419a6ee8443b2fe82c3b","method":"GET","path":"/cost-items","time":"2026-08-14T12:56:48+08:00","message":"request"}
{"level":"info","requestId":"bdd9d211fe4d05e14adeac264809e9c9","method":"GET","path":"/work-items","time":"2026-08-14T12:56:48+08:00","message":"request"}
{"level":"info","requestId":"18295e49cc80f8d33fbe163facabdc61","method":"GET","path":"/materials","time":"2026-08-14T12:56:48+08:00","message":"request"}
{"level":"info","requestId":"26125094f704988b57256c7d0f1e7490","method":"POST","path":"/cost-items","time":"2026-08-14T12:57:40+08:00","message":"request"}
{"level":"info","requestId":"8b16bfd4bdc1c443d7aefe4d92cd6c8e","method":"GET","path":"/cost-items","time":"2026-08-14T12:57:40+08:00","message":"request"}
{"level":"info","requestId":"5cc968e70f2567329e448b395078850a","method":"GET","path":"/auth/me","time":"2026-08-14T12:57:46+08:00","message":"request"}
{"level":"info","requestId":"fd9ccfb0eb2f8274468d6938da9a1007","method":"GET","path":"/rfqs","time":"2026-08-14T12:57:47+08:00","message":"request"}
{"level":"info","requestId":"f5cd204cf293fdaabaace66521d195c5","method":"GET","path":"/material-requirements","time":"2026-08-14T12:57:47+08:00","message":"request"}
{"level":"info","requestId":"223f88c325ae591fe229553c8fc6747c","method":"GET","path":"/materials","time":"2026-08-14T12:57:47+08:00","message":"request"}
{"level":"info","requestId":"38c323838f4071df010789b73267425f","method":"GET","path":"/suppliers","time":"2026-08-14T12:57:47+08:00","message":"request"}
{"level":"info","requestId":"23ec593699e9269352ebb254125df5a9","method":"GET","path":"/work-items","time":"2026-08-14T12:57:47+08:00","message":"request"}
{"level":"info","requestId":"7ea42de2f0514f4e5d54adf9539cc268","method":"GET","path":"/rfq-chains/6a7e9d015b4243c8065aa6d8/versions","time":"2026-08-14T12:57:47+08:00","message":"request"}
{"level":"info","requestId":"70ea3ecdae818d92b33603876994c75b","method":"GET","path":"/rfq-chains/6a7e9d015b4243c8065aa6d8/invitations","time":"2026-08-14T12:57:47+08:00","message":"request"}
{"level":"info","requestId":"7ba6d154b7f0b5d4d9907cef6472b212","method":"GET","path":"/rfq-chains/6a7e9d015b4243c8065aa6d8/issued-versions/6a7e9de95b4243c8065aa6e7/award-revisions","time":"2026-08-14T12:57:47+08:00","message":"request"}
{"level":"info","requestId":"9cc820c2e30190f4b8c8d3078bdf9dc3","method":"GET","path":"/rfq-chains/6a7e9d015b4243c8065aa6d8/issued-versions/6a7e9de95b4243c8065aa6e7/comparison","time":"2026-08-14T12:57:47+08:00","message":"request"}
{"level":"info","requestId":"f2b2e4684ea43f676f823743cde58b6e","method":"POST","path":"/projects/6a7e9bed5b4243c8065aa6d1/material-requirements/generate","time":"2026-08-14T12:57:56+08:00","message":"request"}
{"level":"info","requestId":"7ab8aba4b40ec8bf5b3829d09bcce02e","method":"GET","path":"/material-requirements","time":"2026-08-14T12:57:56+08:00","message":"request"}
{"level":"info","requestId":"15e7ace151568a06157c9d6517e8b8fb","method":"GET","path":"/rfqs","time":"2026-08-14T12:57:56+08:00","message":"request"}
{"level":"info","requestId":"24262872cd6447d21553480a2df81ee2","method":"GET","path":"/work-items","time":"2026-08-14T12:57:56+08:00","message":"request"}
{"level":"info","requestId":"b28bbaf24bd5dae0bc956994e8b44c35","method":"GET","path":"/material-requirements/6a7e9d1d5b4243c8065aa6dd/source-discrepancy","time":"2026-08-14T12:58:06+08:00","message":"request"}
{"level":"info","requestId":"8085b4a4116998f593a8536f25588164","method":"POST","path":"/material-requirements/6a7e9d1d5b4243c8065aa6dd/source-discrepancy/resolve","time":"2026-08-14T12:58:27+08:00","message":"request"}
{"level":"info","requestId":"bdf46fbdb961f5cf807380bb408666d4","method":"GET","path":"/material-requirements","time":"2026-08-14T12:58:27+08:00","message":"request"}
{"level":"info","requestId":"a0499e585895b314a1aeb945a2cb5b9f","method":"GET","path":"/material-requirements/6a7e9d1d5b4243c8065aa6dd/source-discrepancy","time":"2026-08-14T12:58:27+08:00","message":"request"}
{"level":"info","requestId":"4258f03f03d1772ac52a79cf4d0b58cd","method":"POST","path":"/material-requirements/6a7ea0735b4243c8065aa710/review","time":"2026-08-14T12:59:10+08:00","message":"request"}
{"level":"info","requestId":"74c0269de0e026cf48f1b5498558bc86","method":"GET","path":"/material-requirements","time":"2026-08-14T12:59:10+08:00","message":"request"}
{"level":"info","requestId":"0e6f9fae849c7c6a0d3c3fd30f545a73","method":"POST","path":"/projects/6a7e9bed5b4243c8065aa6d1/rfqs","time":"2026-08-14T12:59:43+08:00","message":"request"}
{"level":"info","requestId":"52ca3e69f43cfda78303bd1be81ab7b6","method":"GET","path":"/rfqs","time":"2026-08-14T12:59:43+08:00","message":"request"}
{"level":"info","requestId":"639d424dee56c0213de7f81b7044a4ed","method":"GET","path":"/material-requirements","time":"2026-08-14T12:59:43+08:00","message":"request"}
{"level":"info","requestId":"267fc828402a696666df62e6037da49c","method":"GET","path":"/work-items","time":"2026-08-14T12:59:43+08:00","message":"request"}
{"level":"info","requestId":"8346b19a708d3e85d543d1d33eb3fe4a","method":"GET","path":"/rfq-chains/6a7e9d015b4243c8065aa6d8/versions","time":"2026-08-14T12:59:43+08:00","message":"request"}
{"level":"info","requestId":"3af5f95e959b26e38b035923449e0908","method":"GET","path":"/rfq-chains/6a7e9d015b4243c8065aa6d8/invitations","time":"2026-08-14T12:59:43+08:00","message":"request"}
{"level":"info","requestId":"231c50289a1e5cf2b12ea7c42ad6dc01","method":"GET","path":"/rfq-chains/6a7e9d015b4243c8065aa6d8/issued-versions/6a7e9de95b4243c8065aa6e7/comparison","time":"2026-08-14T12:59:43+08:00","message":"request"}
{"level":"info","requestId":"710a2e72019be9daaf1b270997e0e4b6","method":"GET","path":"/rfq-chains/6a7e9d015b4243c8065aa6d8/issued-versions/6a7e9de95b4243c8065aa6e7/award-revisions","time":"2026-08-14T12:59:43+08:00","message":"request"}
{"level":"info","requestId":"4d974ee48aba74f91ea541e707b3cd3f","method":"GET","path":"/rfq-chains/6a7ea0bf5b4243c8065aa713/invitations","time":"2026-08-14T12:59:43+08:00","message":"request"}
{"level":"info","requestId":"2f7379346abd5657ea675bf12abd078e","method":"POST","path":"/rfqs/6a7ea0bf5b4243c8065aa713/lines","time":"2026-08-14T12:59:52+08:00","message":"request"}
{"level":"info","requestId":"c50bb4ca25183d73beecae288fd7184e","method":"GET","path":"/material-requirements","time":"2026-08-14T12:59:52+08:00","message":"request"}
{"level":"info","requestId":"c8bf08d4bb1a41d27f19f29b7e4d1d90","method":"GET","path":"/rfqs","time":"2026-08-14T12:59:52+08:00","message":"request"}
{"level":"info","requestId":"1b0a7a17af91fdf0fb6267a3f1ecd1ed","method":"PATCH","path":"/rfqs/6a7ea0bf5b4243c8065aa713","time":"2026-08-14T13:00:33+08:00","message":"request"}
{"level":"info","requestId":"93ecaa0b8197440d57ed9b203dc83055","method":"GET","path":"/rfqs","time":"2026-08-14T13:00:33+08:00","message":"request"}
{"level":"info","requestId":"9bd100361eb68cec02a6ae1fd3a1b84c","method":"PATCH","path":"/rfqs/6a7ea0bf5b4243c8065aa713","time":"2026-08-14T13:01:01+08:00","message":"request"}
{"level":"info","requestId":"77c4e96db615af251cc0106666f2ded1","method":"GET","path":"/rfqs/6a7ea0bf5b4243c8065aa713","time":"2026-08-14T13:01:06+08:00","message":"request"}
{"level":"info","requestId":"b746d017f4752f201ee4c47f7df117e7","method":"PATCH","path":"/rfqs/6a7ea0bf5b4243c8065aa713","time":"2026-08-14T13:01:11+08:00","message":"request"}
{"level":"info","requestId":"7d4c8f76be14c7bf7e9fcb8e76473805","method":"POST","path":"/rfqs/6a7ea0bf5b4243c8065aa713/ready","time":"2026-08-14T13:01:19+08:00","message":"request"}
{"level":"info","requestId":"ede7010e0e6ceda175fe6185679e285f","method":"PATCH","path":"/rfqs/6a7ea0bf5b4243c8065aa713","time":"2026-08-14T13:01:26+08:00","message":"request"}
{"level":"info","requestId":"4720caa51492d2841972eba6aaaf6973","method":"GET","path":"/auth/me","time":"2026-08-14T13:01:32+08:00","message":"request"}
{"level":"info","requestId":"30df558fd2a9d09ab19b5a51ad62a13f","method":"GET","path":"/rfqs","time":"2026-08-14T13:01:32+08:00","message":"request"}
{"level":"info","requestId":"ba42248dece0da29d07e369faba2ba94","method":"GET","path":"/material-requirements","time":"2026-08-14T13:01:32+08:00","message":"request"}
{"level":"info","requestId":"9d0e658149c51cda26865ad890287fcd","method":"GET","path":"/materials","time":"2026-08-14T13:01:32+08:00","message":"request"}
{"level":"info","requestId":"df946692d0dab335b22cc628753785cb","method":"GET","path":"/suppliers","time":"2026-08-14T13:01:32+08:00","message":"request"}
{"level":"info","requestId":"f1f15305cc367bb5b40be2e872827505","method":"GET","path":"/work-items","time":"2026-08-14T13:01:32+08:00","message":"request"}
{"level":"info","requestId":"7728d5af7df95c24421d194f126cc1e0","method":"GET","path":"/rfq-chains/6a7e9d015b4243c8065aa6d8/invitations","time":"2026-08-14T13:01:32+08:00","message":"request"}
{"level":"info","requestId":"4707caf93c5b25eda68d42a0084d85ce","method":"GET","path":"/rfq-chains/6a7e9d015b4243c8065aa6d8/versions","time":"2026-08-14T13:01:32+08:00","message":"request"}
{"level":"info","requestId":"9fb1cfabffb66a145cb34b4feab3bc56","method":"GET","path":"/rfq-chains/6a7e9d015b4243c8065aa6d8/issued-versions/6a7e9de95b4243c8065aa6e7/comparison","time":"2026-08-14T13:01:32+08:00","message":"request"}
{"level":"info","requestId":"ec3b35d8f475f4f64c3b24b612f930dd","method":"GET","path":"/rfq-chains/6a7e9d015b4243c8065aa6d8/issued-versions/6a7e9de95b4243c8065aa6e7/award-revisions","time":"2026-08-14T13:01:32+08:00","message":"request"}
{"level":"info","requestId":"88c90c3992baf37766ad8c9ed5b9a739","method":"GET","path":"/rfq-chains/6a7ea0bf5b4243c8065aa713/invitations","time":"2026-08-14T13:01:48+08:00","message":"request"}
{"level":"info","requestId":"64eca4f50b1bec9a6e91593483bff855","method":"POST","path":"/rfqs/6a7ea0bf5b4243c8065aa713/ready","time":"2026-08-14T13:01:56+08:00","message":"request"}
{"level":"info","requestId":"f3d79759bcec9f9aaccd846fe2f1c928","method":"GET","path":"/rfqs","time":"2026-08-14T13:01:56+08:00","message":"request"}
{"level":"info","requestId":"83e119ee31b9afb1ddec256607e2a140","method":"GET","path":"/material-requirements","time":"2026-08-14T13:01:56+08:00","message":"request"}
{"level":"info","requestId":"48974724d13bca2b6c40e6535b705f8e","method":"GET","path":"/work-items","time":"2026-08-14T13:01:56+08:00","message":"request"}
{"level":"info","requestId":"c64aecac559167938ec71342e981aef5","method":"GET","path":"/rfq-chains/6a7ea0bf5b4243c8065aa713/invitations","time":"2026-08-14T13:01:56+08:00","message":"request"}
{"level":"info","requestId":"816e51a7ba2cc8f37168d4fa803f53a0","method":"GET","path":"/rfq-chains/6a7ea0bf5b4243c8065aa713/versions","time":"2026-08-14T13:01:56+08:00","message":"request"}
{"level":"info","requestId":"7de2f8670397d1a9307dd6eba5ecfa98","method":"POST","path":"/rfq-chains/6a7ea0bf5b4243c8065aa713/issue","time":"2026-08-14T13:02:09+08:00","message":"request"}
{"level":"info","requestId":"f4d03f106682fbe83666841b5dccf229","method":"GET","path":"/rfqs","time":"2026-08-14T13:02:09+08:00","message":"request"}
{"level":"info","requestId":"046a31a426093f3a73eb1e22488a31bb","method":"GET","path":"/material-requirements","time":"2026-08-14T13:02:09+08:00","message":"request"}
{"level":"info","requestId":"f4e8e398c0340eeafa6be41d776b52ae","method":"GET","path":"/work-items","time":"2026-08-14T13:02:09+08:00","message":"request"}
{"level":"info","requestId":"ccf6cb16470ed5785ba8e4460739e9f2","method":"GET","path":"/rfq-chains/6a7ea0bf5b4243c8065aa713/versions","time":"2026-08-14T13:02:09+08:00","message":"request"}
{"level":"info","requestId":"cd1321d069d3037b1d3a12c1258c50aa","method":"GET","path":"/rfq-chains/6a7ea0bf5b4243c8065aa713/invitations","time":"2026-08-14T13:02:09+08:00","message":"request"}
{"level":"info","requestId":"21d0365ae0e542497ea44aba1a4c2549","method":"GET","path":"/rfq-chains/6a7ea0bf5b4243c8065aa713/issued-versions/6a7ea1515b4243c8065aa71d/comparison","time":"2026-08-14T13:02:09+08:00","message":"request"}
{"level":"info","requestId":"9ad5db579db8f784289633adbb6759f2","method":"GET","path":"/rfq-chains/6a7ea0bf5b4243c8065aa713/issued-versions/6a7ea1515b4243c8065aa71d/award-revisions","time":"2026-08-14T13:02:09+08:00","message":"request"}
{"level":"info","requestId":"d9e880b935e60bf7c061d53876f77a5b","method":"POST","path":"/rfq-chains/6a7ea0bf5b4243c8065aa713/invitations","time":"2026-08-14T13:03:06+08:00","message":"request"}
{"level":"info","requestId":"537e5f086f755f9f88db62b2f5cb8a31","method":"GET","path":"/rfqs","time":"2026-08-14T13:03:07+08:00","message":"request"}
{"level":"info","requestId":"8eb4e01d1be245e183a487db5f864a24","method":"GET","path":"/material-requirements","time":"2026-08-14T13:03:07+08:00","message":"request"}
{"level":"info","requestId":"1342abf6d00a18317ac743b9ebb4aed3","method":"GET","path":"/work-items","time":"2026-08-14T13:03:07+08:00","message":"request"}
{"level":"info","requestId":"944160ba0c0c529c723bcb1a3d115e84","method":"GET","path":"/rfq-chains/6a7ea0bf5b4243c8065aa713/versions","time":"2026-08-14T13:03:07+08:00","message":"request"}
{"level":"info","requestId":"77113f546326a692aea354c07a9cfc20","method":"GET","path":"/rfq-chains/6a7ea0bf5b4243c8065aa713/invitations","time":"2026-08-14T13:03:07+08:00","message":"request"}
{"level":"info","requestId":"7a911170c7ca56a16add701fe093e280","method":"GET","path":"/rfq-chains/6a7ea0bf5b4243c8065aa713/issued-versions/6a7ea1515b4243c8065aa71d/comparison","time":"2026-08-14T13:03:07+08:00","message":"request"}
{"level":"info","requestId":"82915abdef6c0bbf184318ba99951245","method":"GET","path":"/rfq-chains/6a7ea0bf5b4243c8065aa713/issued-versions/6a7ea1515b4243c8065aa71d/award-revisions","time":"2026-08-14T13:03:07+08:00","message":"request"}
{"level":"info","requestId":"1993caf5d770d5ecd3f659d6df708e2d","method":"POST","path":"/rfq-chains/6a7ea0bf5b4243c8065aa713/invitations/6a7ea18a5b4243c8065aa71f/send","time":"2026-08-14T13:03:15+08:00","message":"request"}
{"level":"info","requestId":"d4ac3ee42f0a49a5d3543513a92e1585","method":"GET","path":"/rfqs","time":"2026-08-14T13:03:15+08:00","message":"request"}
{"level":"info","requestId":"5eac685371ea82588787617f2f86e4ce","method":"GET","path":"/material-requirements","time":"2026-08-14T13:03:15+08:00","message":"request"}
{"level":"info","requestId":"9eb39391f65c83bf9bc26a1655820ef1","method":"GET","path":"/work-items","time":"2026-08-14T13:03:15+08:00","message":"request"}
{"level":"info","requestId":"3716cd45d156249fa70c23bbba117be5","method":"GET","path":"/rfq-chains/6a7ea0bf5b4243c8065aa713/versions","time":"2026-08-14T13:03:15+08:00","message":"request"}
{"level":"info","requestId":"d764fed325d47bc84a1e7a1cc80ab7d0","method":"GET","path":"/rfq-chains/6a7ea0bf5b4243c8065aa713/issued-versions/6a7ea1515b4243c8065aa71d/comparison","time":"2026-08-14T13:03:15+08:00","message":"request"}
{"level":"info","requestId":"7216727224f9cbd86b7674e312100971","method":"GET","path":"/rfq-chains/6a7ea0bf5b4243c8065aa713/issued-versions/6a7ea1515b4243c8065aa71d/award-revisions","time":"2026-08-14T13:03:15+08:00","message":"request"}
{"level":"info","requestId":"6de574a312df772e95888b5c14876ae8","method":"GET","path":"/rfq-chains/6a7ea0bf5b4243c8065aa713/invitations","time":"2026-08-14T13:03:15+08:00","message":"request"}
{"level":"info","requestId":"fc4b538173f84d3aea23e2848337727d","method":"GET","path":"/rfqs","time":"2026-08-14T13:56:57+08:00","message":"request"}
{"level":"info","requestId":"b8b82cf974020c08e8d82cc505fe0f67","method":"GET","path":"/material-requirements","time":"2026-08-14T13:56:57+08:00","message":"request"}
{"level":"info","requestId":"04773e3bb07f6dfd0aae0c55b858afb3","method":"GET","path":"/materials","time":"2026-08-14T13:56:57+08:00","message":"request"}
{"level":"info","requestId":"d2686401d9bd5a101286d1547fe892dc","method":"GET","path":"/suppliers","time":"2026-08-14T13:56:57+08:00","message":"request"}
{"level":"info","requestId":"186a505963aa6eff03c8506f2a6514c4","method":"GET","path":"/rfq-chains/6a7ea0bf5b4243c8065aa713/versions","time":"2026-08-14T13:56:57+08:00","message":"request"}
{"level":"info","requestId":"54c93cf0698976ab0fd6de913a599864","method":"GET","path":"/rfq-chains/6a7ea0bf5b4243c8065aa713/issued-versions/6a7ea1515b4243c8065aa71d/comparison","time":"2026-08-14T13:56:57+08:00","message":"request"}
{"level":"info","requestId":"594f5147591998a223a38b75c3d1920e","method":"GET","path":"/rfq-chains/6a7ea0bf5b4243c8065aa713/invitations","time":"2026-08-14T13:56:57+08:00","message":"request"}
{"level":"info","requestId":"06244e664fafe1befeb325af2418ab82","method":"GET","path":"/rfq-chains/6a7ea0bf5b4243c8065aa713/issued-versions/6a7ea1515b4243c8065aa71d/award-revisions","time":"2026-08-14T13:56:57+08:00","message":"request"}
{"level":"info","requestId":"fd65288d89b04cf1bf444c95cc2e1c75","method":"GET","path":"/work-items","time":"2026-08-14T13:56:57+08:00","message":"request"}
{"level":"info","requestId":"f3ddffd9f02c5976f8896454c94e3dd1","method":"GET","path":"/rfqs","time":"2026-08-14T13:58:24+08:00","message":"request"}
{"level":"info","requestId":"f1ad4185a0881ee594aa3349469a0f3e","method":"GET","path":"/material-requirements","time":"2026-08-14T13:58:24+08:00","message":"request"}
{"level":"info","requestId":"e1b36c2c558bafb276c7ad65b033c8cd","method":"GET","path":"/materials","time":"2026-08-14T13:58:24+08:00","message":"request"}
{"level":"info","requestId":"09c11ca75323f56735eaef9936b4269c","method":"GET","path":"/suppliers","time":"2026-08-14T13:58:24+08:00","message":"request"}
{"level":"info","requestId":"11d1f96821ea4a9e7c76c8c5750001cc","method":"GET","path":"/rfq-chains/6a7ea0bf5b4243c8065aa713/versions","time":"2026-08-14T13:58:24+08:00","message":"request"}
{"level":"info","requestId":"57e7e8110a47d7391195c92b67be60a1","method":"GET","path":"/rfq-chains/6a7ea0bf5b4243c8065aa713/issued-versions/6a7ea1515b4243c8065aa71d/comparison","time":"2026-08-14T13:58:24+08:00","message":"request"}
{"level":"info","requestId":"c9874aa9959f07d73cdafb1c52f30ab9","method":"GET","path":"/rfq-chains/6a7ea0bf5b4243c8065aa713/invitations","time":"2026-08-14T13:58:24+08:00","message":"request"}
{"level":"info","requestId":"c35203b0f7ba481ed1525b60dfc635c0","method":"GET","path":"/rfq-chains/6a7ea0bf5b4243c8065aa713/issued-versions/6a7ea1515b4243c8065aa71d/award-revisions","time":"2026-08-14T13:58:24+08:00","message":"request"}
{"level":"info","requestId":"f2b5223e80dee047139b7daa90be1625","method":"GET","path":"/work-items","time":"2026-08-14T13:58:24+08:00","message":"request"}
{"level":"info","requestId":"0782de934cf26bcf3c69db7e99bee63d","method":"GET","path":"/rfqs","time":"2026-08-14T13:58:43+08:00","message":"request"}
{"level":"info","requestId":"4c1777fca1fd886a197bac99ef4cca75","method":"GET","path":"/material-requirements","time":"2026-08-14T13:58:43+08:00","message":"request"}
{"level":"info","requestId":"5f3d91c924f528bcb660c8786bde5bc8","method":"GET","path":"/materials","time":"2026-08-14T13:58:43+08:00","message":"request"}
{"level":"info","requestId":"e7a2cd47a2e00d7eba97e6a0e3385ecf","method":"GET","path":"/suppliers","time":"2026-08-14T13:58:43+08:00","message":"request"}
{"level":"info","requestId":"6d4b71a99392d8e3039e6f739e43a8d3","method":"GET","path":"/rfq-chains/6a7ea0bf5b4243c8065aa713/versions","time":"2026-08-14T13:58:43+08:00","message":"request"}
{"level":"info","requestId":"c0b691b6951f980597b607ef070fb0c9","method":"GET","path":"/rfq-chains/6a7ea0bf5b4243c8065aa713/invitations","time":"2026-08-14T13:58:43+08:00","message":"request"}
{"level":"info","requestId":"bc5e9805d5b2551e74aa9cb285a832e1","method":"GET","path":"/rfq-chains/6a7ea0bf5b4243c8065aa713/issued-versions/6a7ea1515b4243c8065aa71d/comparison","time":"2026-08-14T13:58:43+08:00","message":"request"}
{"level":"info","requestId":"d9a69e7b37adb4ed53e0367d2fa447d0","method":"GET","path":"/rfq-chains/6a7ea0bf5b4243c8065aa713/issued-versions/6a7ea1515b4243c8065aa71d/award-revisions","time":"2026-08-14T13:58:43+08:00","message":"request"}
{"level":"info","requestId":"68701f703cd8e3c1a44b7b2f455bb21c","method":"GET","path":"/work-items","time":"2026-08-14T13:58:43+08:00","message":"request"}
{"level":"info","requestId":"8780afac698323251b6260fe52137c3b","method":"GET","path":"/rfq-chains/6a7e9d015b4243c8065aa6d8/invitations","time":"2026-08-14T14:06:16+08:00","message":"request"}
{"level":"info","requestId":"c6a87be6f6fa8d953623149428c7e6c7","method":"GET","path":"/rfq-chains/6a7e9d015b4243c8065aa6d8/versions","time":"2026-08-14T14:06:16+08:00","message":"request"}
{"level":"info","requestId":"b03814b6c029a82de0703752d5beaae5","method":"GET","path":"/rfq-chains/6a7e9d015b4243c8065aa6d8/issued-versions/6a7e9de95b4243c8065aa6e7/award-revisions","time":"2026-08-14T14:06:16+08:00","message":"request"}
{"level":"info","requestId":"6b14d7484e51fcc16fa98dd28d64f933","method":"GET","path":"/rfq-chains/6a7e9d015b4243c8065aa6d8/issued-versions/6a7e9de95b4243c8065aa6e7/comparison","time":"2026-08-14T14:06:16+08:00","message":"request"}
{"level":"info","requestId":"d78c64201148f7278e7abbd83182581b","method":"GET","path":"/rfq-chains/6a7ea0bf5b4243c8065aa713/versions","time":"2026-08-14T14:06:19+08:00","message":"request"}
{"level":"info","requestId":"2d6b4fecad66ac73211af8cefe002717","method":"GET","path":"/rfq-chains/6a7ea0bf5b4243c8065aa713/invitations","time":"2026-08-14T14:06:19+08:00","message":"request"}
{"level":"info","requestId":"e06f10ef27fedbbbee2cc1275d638f89","method":"GET","path":"/rfq-chains/6a7ea0bf5b4243c8065aa713/issued-versions/6a7ea1515b4243c8065aa71d/award-revisions","time":"2026-08-14T14:06:19+08:00","message":"request"}
{"level":"info","requestId":"47d32419aa53a0facd310226bd12c00c","method":"GET","path":"/rfq-chains/6a7ea0bf5b4243c8065aa713/issued-versions/6a7ea1515b4243c8065aa71d/comparison","time":"2026-08-14T14:06:19+08:00","message":"request"}
{"level":"info","requestId":"1e60c25277b72d3beda452380b066de9","method":"GET","path":"/rfq-chains/6a7e9d015b4243c8065aa6d8/versions","time":"2026-08-14T14:06:21+08:00","message":"request"}
{"level":"info","requestId":"07f00e7940a93d47c88830190c6404e2","method":"GET","path":"/rfq-chains/6a7e9d015b4243c8065aa6d8/invitations","time":"2026-08-14T14:06:21+08:00","message":"request"}
{"level":"info","requestId":"0a8773a4c5bca4b0daa2c5ad136678e4","method":"GET","path":"/rfq-chains/6a7e9d015b4243c8065aa6d8/issued-versions/6a7e9de95b4243c8065aa6e7/comparison","time":"2026-08-14T14:06:21+08:00","message":"request"}
{"level":"info","requestId":"82355cb278535314ce35e3458d1a9391","method":"GET","path":"/rfq-chains/6a7e9d015b4243c8065aa6d8/issued-versions/6a7e9de95b4243c8065aa6e7/award-revisions","time":"2026-08-14T14:06:21+08:00","message":"request"}
{"level":"info","requestId":"2595a1c191a027df75cd5eb7ee1cfff3","method":"POST","path":"/projects/6a7e9bed5b4243c8065aa6d1/material-requirements/generate","time":"2026-08-14T14:06:33+08:00","message":"request"}
{"level":"info","requestId":"ed7c6b74ae15e12dfdad037790a86124","method":"GET","path":"/rfqs","time":"2026-08-14T14:06:33+08:00","message":"request"}
{"level":"info","requestId":"eb84ee518f4aeff7bc7cc18ffa965e25","method":"GET","path":"/material-requirements","time":"2026-08-14T14:06:33+08:00","message":"request"}
{"level":"info","requestId":"5a96c3dcb53e34a48db3b92d1beaf90a","method":"GET","path":"/work-items","time":"2026-08-14T14:06:33+08:00","message":"request"}
{"level":"info","requestId":"0489493cd16e54149212906ec01b2ab0","method":"GET","path":"/estimates","time":"2026-08-14T14:06:40+08:00","message":"request"}
{"level":"info","requestId":"c7b8ec269fa5cf459db49b800f8b948b","method":"GET","path":"/estimates","time":"2026-08-14T14:06:42+08:00","message":"request"}
{"level":"info","requestId":"264361f1c0874c1d87c77776806824dd","method":"GET","path":"/quotations","time":"2026-08-14T14:06:42+08:00","message":"request"}
{"level":"info","requestId":"47f9704dcd6a1a427c86d121524a8797","method":"GET","path":"/cost-items","time":"2026-08-14T14:06:43+08:00","message":"request"}
{"level":"info","requestId":"fde860f6f0f8b48e9f00b1d538107498","method":"GET","path":"/work-items","time":"2026-08-14T14:06:43+08:00","message":"request"}
{"level":"info","requestId":"708b4c2b2a2cf431db3a5bbf7d93ffd6","method":"GET","path":"/materials","time":"2026-08-14T14:06:43+08:00","message":"request"}
{"level":"info","requestId":"5c2222a0e18917314743ad2fd9821b5f","method":"GET","path":"/auth/me","time":"2026-08-14T14:06:47+08:00","message":"request"}
{"level":"info","requestId":"ba6a1a49ce107573cedb21651f3bf97a","method":"GET","path":"/cost-items","time":"2026-08-14T14:06:47+08:00","message":"request"}
{"level":"info","requestId":"08baf8e4c0e8684de500979386cec642","method":"GET","path":"/materials","time":"2026-08-14T14:06:47+08:00","message":"request"}
{"level":"info","requestId":"ac86e7f237d20408c075f8da727b390c","method":"GET","path":"/work-items","time":"2026-08-14T14:06:47+08:00","message":"request"}
{"level":"info","requestId":"57cadd6417464c588c33b0f0b5e218b4","method":"GET","path":"/quotations","time":"2026-08-14T14:06:48+08:00","message":"request"}
{"level":"info","requestId":"a06e25a5ea665fa30524319b7a5ad4b5","method":"GET","path":"/estimates","time":"2026-08-14T14:06:48+08:00","message":"request"}
{"level":"info","requestId":"555cebd326e1f438a3f33de91714c5c6","method":"GET","path":"/estimates","time":"2026-08-14T14:06:49+08:00","message":"request"}
{"level":"info","requestId":"c3cd6053d0a82639a548fff65b510d15","method":"GET","path":"/properties","time":"2026-08-14T14:06:53+08:00","message":"request"}
{"level":"info","requestId":"89ad6aed7c3a8d38e4d373966bbc8684","method":"GET","path":"/work-items","time":"2026-08-14T14:06:54+08:00","message":"request"}
{"level":"info","requestId":"15bef79c1bf424631062a1717853fc02","method":"GET","path":"/cost-items","time":"2026-08-14T14:06:54+08:00","message":"request"}
{"level":"info","requestId":"4c87f2c0f1a0b1e73c09ddc7e450df8f","method":"GET","path":"/materials","time":"2026-08-14T14:06:54+08:00","message":"request"}
{"level":"info","requestId":"9616d94d962d92982c27d99c8bde80f2","method":"GET","path":"/estimates","time":"2026-08-14T14:06:55+08:00","message":"request"}
{"level":"info","requestId":"869f6e39449a1c7a719da25a77af55ba","method":"POST","path":"/estimates","time":"2026-08-14T14:06:58+08:00","message":"request"}
{"level":"info","requestId":"e394e6a7d01e125f7d83b24cf457256a","method":"GET","path":"/estimates","time":"2026-08-14T14:06:58+08:00","message":"request"}
{"level":"info","requestId":"057bc5c5cb432b2c8cc793cd348cfc7b","method":"POST","path":"/estimates/6a7eb0825b4243c8065aa745/finalize","time":"2026-08-14T14:07:03+08:00","message":"request"}
{"level":"info","requestId":"5e7cc591dca2aaf7118d7286fe8ff722","method":"GET","path":"/estimates","time":"2026-08-14T14:07:03+08:00","message":"request"}
{"level":"info","requestId":"7ad5e3a113c0910b5b5afa5137e70350","method":"GET","path":"/estimates","time":"2026-08-14T14:07:07+08:00","message":"request"}
{"level":"info","requestId":"efdec507d6e305659686ca271fa82172","method":"GET","path":"/quotations","time":"2026-08-14T14:07:07+08:00","message":"request"}
{"level":"info","requestId":"c281236d04caba7d7ecd327ecb2a0443","method":"POST","path":"/quotations","time":"2026-08-14T14:07:11+08:00","message":"request"}
{"level":"info","requestId":"43f2588311880f7d15f5e2d1a3332cae","method":"GET","path":"/quotations","time":"2026-08-14T14:07:11+08:00","message":"request"}
{"level":"info","requestId":"12e2690d2982e86edccdf465cd2fc086","method":"GET","path":"/clients/6a7e9bc85b4243c8065aa6d0","time":"2026-08-14T14:07:11+08:00","message":"request"}
{"level":"info","requestId":"d26fd49928cfb71e90102c959e7703bc","method":"GET","path":"/projects","time":"2026-08-14T14:07:20+08:00","message":"request"}
{"level":"info","requestId":"9b8c8ce01c37867b76f2ca2a8ec51700","method":"GET","path":"/clients","time":"2026-08-14T14:07:20+08:00","message":"request"}
{"level":"info","requestId":"6df8eb1c837d2903b130667718cad4ff","method":"GET","path":"/cost-items","time":"2026-08-14T14:07:20+08:00","message":"request"}
{"level":"info","requestId":"dea977b072d7a882d352a273083d4c66","method":"GET","path":"/estimates","time":"2026-08-14T14:07:20+08:00","message":"request"}
{"level":"info","requestId":"0fb5f476809c923531fd73c64b83e1aa","method":"GET","path":"/rfqs","time":"2026-08-14T14:07:20+08:00","message":"request"}
{"level":"info","requestId":"921a7259f80622187b777b67feab7758","method":"GET","path":"/quotations","time":"2026-08-14T14:07:20+08:00","message":"request"}
{"level":"info","requestId":"992181f2bed0a863fd7ac031ce027a24","method":"GET","path":"/auth/me","time":"2026-08-14T14:10:28+08:00","message":"request"}
{"level":"info","requestId":"68f65369d1bb1edd0ccd10f50dc974e1","method":"GET","path":"/projects","time":"2026-08-14T14:10:28+08:00","message":"request"}
{"level":"info","requestId":"9fe138980c8eb96509112ca4c34ff73b","method":"GET","path":"/clients","time":"2026-08-14T14:10:28+08:00","message":"request"}
{"level":"info","requestId":"6b9190aa981a49e8a3922ef5cbe0c358","method":"GET","path":"/cost-items","time":"2026-08-14T14:10:28+08:00","message":"request"}
{"level":"info","requestId":"983c9bd46dd76925566c416c261de60b","method":"GET","path":"/estimates","time":"2026-08-14T14:10:28+08:00","message":"request"}
{"level":"info","requestId":"b224970142044751564b292c08aaa420","method":"GET","path":"/quotations","time":"2026-08-14T14:10:28+08:00","message":"request"}
{"level":"info","requestId":"fc9c4e22f9dfe83b554d849e40e52609","method":"GET","path":"/rfqs","time":"2026-08-14T14:10:28+08:00","message":"request"}
{"level":"info","requestId":"12e40f39e2bed8c1eacca99bfdfc0bee","method":"GET","path":"/auth/me","time":"2026-08-14T14:10:42+08:00","message":"request"}
{"level":"info","requestId":"82b6919a41f1873b3abde8eeb9851cd0","method":"GET","path":"/auth/me","time":"2026-08-14T14:10:54+08:00","message":"request"}
{"level":"info","requestId":"dadda7a0e295ebb7c4d3ccf2f0074409","method":"GET","path":"/projects","time":"2026-08-14T14:10:55+08:00","message":"request"}
{"level":"info","requestId":"589793fdb86748792d754040896e58f6","method":"GET","path":"/clients","time":"2026-08-14T14:10:55+08:00","message":"request"}
{"level":"info","requestId":"774a6e423991e0dcbc21d4047e50329e","method":"GET","path":"/auth/me","time":"2026-08-14T14:11:03+08:00","message":"request"}
{"level":"info","requestId":"9073afc06b4918b7c1f8043b4af45e55","method":"GET","path":"/projects","time":"2026-08-14T14:11:03+08:00","message":"request"}
{"level":"info","requestId":"cc10286884227db37f24ae39d26b159e","method":"GET","path":"/clients","time":"2026-08-14T14:11:03+08:00","message":"request"}
{"level":"info","requestId":"ecf2fcddc67c06abfce7d4fc3e0ee82a","method":"GET","path":"/auth/me","time":"2026-08-14T14:11:20+08:00","message":"request"}
{"level":"info","requestId":"b5a5adc501af590b37560c7536b64d25","method":"GET","path":"/clients","time":"2026-08-14T14:11:20+08:00","message":"request"}
{"level":"info","requestId":"a4cbebbc089a0bd78531d5c106edb706","method":"POST","path":"/clients","time":"2026-08-14T14:11:51+08:00","message":"request"}
{"level":"info","requestId":"a5b15d2b2b6ee4c482523655de9ac506","method":"GET","path":"/clients","time":"2026-08-14T14:11:51+08:00","message":"request"}
{"level":"info","requestId":"3a2743759c67b1a62d8bc05488b07cca","method":"GET","path":"/auth/me","time":"2026-08-14T14:11:58+08:00","message":"request"}
{"level":"info","requestId":"f57bd9a4ef239f82fc92d577b5136ca1","method":"GET","path":"/projects","time":"2026-08-14T14:11:58+08:00","message":"request"}
{"level":"info","requestId":"e6cff29a33655b36fd6872d56f38f996","method":"GET","path":"/clients","time":"2026-08-14T14:11:58+08:00","message":"request"}
{"level":"info","requestId":"8c0416ab38ececa383929be07f6c0c3d","method":"POST","path":"/projects","time":"2026-08-14T14:12:44+08:00","message":"request"}
{"level":"info","requestId":"32f36d81a99a82f75e38589ce3ae316c","method":"GET","path":"/projects","time":"2026-08-14T14:12:44+08:00","message":"request"}
{"level":"info","requestId":"a5ff1a8b06c48dc2ef13f484cfdbd1f5","method":"GET","path":"/clients","time":"2026-08-14T14:12:44+08:00","message":"request"}
{"level":"info","requestId":"e5957406626303023e42da730157affc","method":"GET","path":"/projects/6a7eb1dc5b4243c8065aa74d","time":"2026-08-14T14:12:54+08:00","message":"request"}
{"level":"info","requestId":"c90f4f9e2d225e399747f89a837a83f0","method":"GET","path":"/properties","time":"2026-08-14T14:12:54+08:00","message":"request"}
{"level":"info","requestId":"d83418c9ecffcf9a72bea81663e642e3","method":"GET","path":"/spaces","time":"2026-08-14T14:12:54+08:00","message":"request"}
{"level":"info","requestId":"62a1fd471699a1ff96f6cbcb69b9e5a0","method":"GET","path":"/work-items","time":"2026-08-14T14:12:54+08:00","message":"request"}
{"level":"info","requestId":"8a1aa73b58b65a954d01a215e6760086","method":"GET","path":"/cost-items","time":"2026-08-14T14:12:54+08:00","message":"request"}
{"level":"info","requestId":"0fa0ed8c89ef96b11022c852aab616b9","method":"GET","path":"/estimates","time":"2026-08-14T14:12:54+08:00","message":"request"}
{"level":"info","requestId":"57d7c3c5f7131816a2fdebaacf03e24c","method":"GET","path":"/quotations","time":"2026-08-14T14:12:54+08:00","message":"request"}
{"level":"info","requestId":"0f948548b04daeba2b91ad25f9945ca1","method":"GET","path":"/rfqs","time":"2026-08-14T14:12:54+08:00","message":"request"}
{"level":"info","requestId":"c2ca9d9b72e104f61c5868ea1542a4bf","method":"GET","path":"/clients/6a7eb1a75b4243c8065aa74c","time":"2026-08-14T14:12:54+08:00","message":"request"}
{"level":"info","requestId":"650277fb43a94008d488b7fec0512366","method":"GET","path":"/auth/me","time":"2026-08-14T14:13:02+08:00","message":"request"}
{"level":"info","requestId":"0835607f7191c02397e5a3585e2dff96","method":"GET","path":"/materials","time":"2026-08-14T14:13:03+08:00","message":"request"}
{"level":"info","requestId":"cf9e5d710d1ba0a3789b0ddb856705d9","method":"GET","path":"/workers","time":"2026-08-14T14:13:03+08:00","message":"request"}
{"level":"info","requestId":"f5d220e5ea384436087c5db96815ac8b","method":"GET","path":"/labour-entries","time":"2026-08-14T14:13:03+08:00","message":"request"}
{"level":"info","requestId":"411d7eaa051a1a659700b7865fcef118","method":"GET","path":"/work-items","time":"2026-08-14T14:13:03+08:00","message":"request"}
{"level":"info","requestId":"05fc6a6e6e16064d2e1f10d65e5ece32","method":"POST","path":"/materials","time":"2026-08-14T14:13:30+08:00","message":"request"}
{"level":"info","requestId":"c127c117f00855587f981b2e39d5de3c","method":"GET","path":"/materials","time":"2026-08-14T14:13:30+08:00","message":"request"}
{"level":"info","requestId":"5e696137f55126eb482ad3e3613ad379","method":"POST","path":"/materials","time":"2026-08-14T14:14:09+08:00","message":"request"}
{"level":"info","requestId":"11224400ea3795daade165680e541368","method":"GET","path":"/materials","time":"2026-08-14T14:14:09+08:00","message":"request"}
{"level":"info","requestId":"569c37dc4af56670b1816adc63742c56","method":"GET","path":"/auth/me","time":"2026-08-14T14:14:18+08:00","message":"request"}
{"level":"info","requestId":"be98c1fb77ed86608b0452a6a43d45ca","method":"GET","path":"/work-items","time":"2026-08-14T14:14:18+08:00","message":"request"}
{"level":"info","requestId":"d3237310f951088d0dbf3d8bfa153b78","method":"GET","path":"/spaces","time":"2026-08-14T14:14:18+08:00","message":"request"}
{"level":"info","requestId":"ec3b92a57fb5dacbf2b141586b66701c","method":"POST","path":"/work-items","time":"2026-08-14T14:14:45+08:00","message":"request"}
{"level":"info","requestId":"ae59a8df755c18d406001b40dbbf8ad1","method":"GET","path":"/work-items","time":"2026-08-14T14:14:45+08:00","message":"request"}
{"level":"info","requestId":"9f238df233aa6b009fefea3603014765","method":"GET","path":"/auth/me","time":"2026-08-14T14:15:13+08:00","message":"request"}
{"level":"info","requestId":"42cfe6f029e924646220c058c57acd2b","method":"GET","path":"/cost-items","time":"2026-08-14T14:15:14+08:00","message":"request"}
{"level":"info","requestId":"1c2c0ac095fc7ced141e73dfa751ca35","method":"GET","path":"/work-items","time":"2026-08-14T14:15:14+08:00","message":"request"}
{"level":"info","requestId":"79ee03166696435b6e743d7a3a1f321e","method":"GET","path":"/materials","time":"2026-08-14T14:15:14+08:00","message":"request"}
{"level":"info","requestId":"db2d0aec725c1b8b711b8e002da67e72","method":"POST","path":"/cost-items","time":"2026-08-14T14:16:17+08:00","message":"request"}
{"level":"info","requestId":"108a5a80ad27943903261c374a1c3b08","method":"GET","path":"/cost-items","time":"2026-08-14T14:16:17+08:00","message":"request"}
{"level":"info","requestId":"ee13ae94e560f8e85fcff2db79852cb2","method":"POST","path":"/cost-items","time":"2026-08-14T14:18:17+08:00","message":"request"}
{"level":"info","requestId":"2429849f6d3fa4ab997db43fba13b66c","method":"GET","path":"/cost-items","time":"2026-08-14T14:18:17+08:00","message":"request"}
{"level":"info","requestId":"b6a9c028e607093e451a2b8197f30890","method":"GET","path":"/auth/me","time":"2026-08-14T14:18:36+08:00","message":"request"}
{"level":"info","requestId":"2a26e5a1a6b40855dbcfae8797ccc52e","method":"GET","path":"/rfqs","time":"2026-08-14T14:18:36+08:00","message":"request"}
{"level":"info","requestId":"902ad382604424e723e055f187dab8f3","method":"GET","path":"/material-requirements","time":"2026-08-14T14:18:36+08:00","message":"request"}
{"level":"info","requestId":"d3a418d1f53408e0877957351ff79116","method":"GET","path":"/materials","time":"2026-08-14T14:18:36+08:00","message":"request"}
{"level":"info","requestId":"5a2b213b79e68f513266fde35e3654dd","method":"GET","path":"/suppliers","time":"2026-08-14T14:18:36+08:00","message":"request"}
{"level":"info","requestId":"b5d5813ca6ad61058285f5b21eb8bd95","method":"GET","path":"/work-items","time":"2026-08-14T14:18:36+08:00","message":"request"}
{"level":"info","requestId":"acdf4910f9cfe3d61ecaaa498c4e905d","method":"POST","path":"/material-requirements","time":"2026-08-14T14:19:28+08:00","message":"request"}
{"level":"info","requestId":"f276f86bebcbf03df694c6c57a67fd1d","method":"GET","path":"/rfqs","time":"2026-08-14T14:19:28+08:00","message":"request"}
{"level":"info","requestId":"0dab32c2714b3836870c4fc43dbfd33f","method":"GET","path":"/material-requirements","time":"2026-08-14T14:19:28+08:00","message":"request"}
{"level":"info","requestId":"ed8a6965be32562af85e9748bd4ef783","method":"GET","path":"/work-items","time":"2026-08-14T14:19:28+08:00","message":"request"}
{"level":"info","requestId":"3c5b13818cb84f55f38dee1fb88f66ed","method":"POST","path":"/projects/6a7eb1dc5b4243c8065aa74d/rfqs","time":"2026-08-14T14:21:24+08:00","message":"request"}
{"level":"info","requestId":"5daa5ed6056aea08c01f2413446e0e5c","method":"GET","path":"/rfqs","time":"2026-08-14T14:21:24+08:00","message":"request"}
{"level":"info","requestId":"8bfdaccfa0cafeef922f6a117d34963e","method":"GET","path":"/material-requirements","time":"2026-08-14T14:21:24+08:00","message":"request"}
{"level":"info","requestId":"789afaa05124c7f3254abc1e79dc8490","method":"GET","path":"/work-items","time":"2026-08-14T14:21:24+08:00","message":"request"}
{"level":"info","requestId":"0542995c5feefe21521743fc5b6202b3","method":"GET","path":"/rfq-chains/6a7eb3e45b4243c8065aa755/invitations","time":"2026-08-14T14:21:24+08:00","message":"request"}
{"level":"info","requestId":"fc9edbe95ddce5592ac882b266624e36","method":"POST","path":"/material-requirements/6a7eb3705b4243c8065aa753/review","time":"2026-08-14T14:21:35+08:00","message":"request"}
{"level":"info","requestId":"cbe06246ec40eeff718adbc3db1b068c","method":"GET","path":"/material-requirements","time":"2026-08-14T14:21:35+08:00","message":"request"}
{"level":"info","requestId":"9666e609ac7253e92d044bd0aa905426","method":"POST","path":"/rfqs/6a7eb3e45b4243c8065aa755/lines","time":"2026-08-14T14:24:12+08:00","message":"request"}
{"level":"info","requestId":"1d61cb5cb24eb244524add9966d4df5e","method":"GET","path":"/material-requirements","time":"2026-08-14T14:24:12+08:00","message":"request"}
{"level":"info","requestId":"a51e28030fb6ce575c73900e5d802ec2","method":"GET","path":"/rfqs","time":"2026-08-14T14:24:12+08:00","message":"request"}
{"level":"info","requestId":"20b256c375223c997aa975a0c4b7b266","method":"PATCH","path":"/rfqs/6a7eb3e45b4243c8065aa755","time":"2026-08-14T14:26:16+08:00","message":"request"}
{"level":"info","requestId":"462bd13a60a989c297288a783bb7aab2","method":"GET","path":"/rfqs","time":"2026-08-14T14:26:16+08:00","message":"request"}
{"level":"info","requestId":"4b0005b000abf83e7f2b7ba867aa9e2e","method":"PATCH","path":"/rfqs/6a7eb3e45b4243c8065aa755","time":"2026-08-14T14:27:27+08:00","message":"request"}
{"level":"info","requestId":"47cd84e6811e2016eb066938683487e4","method":"GET","path":"/rfqs","time":"2026-08-14T14:27:27+08:00","message":"request"}
{"level":"info","requestId":"cdbf94d6ca695538e66e6bb3467aea39","method":"POST","path":"/rfqs/6a7eb3e45b4243c8065aa755/ready","time":"2026-08-14T14:27:45+08:00","message":"request"}
{"level":"info","requestId":"daeed7cd3b5efc0724c6fa0265a93276","method":"GET","path":"/rfqs","time":"2026-08-14T14:27:45+08:00","message":"request"}
{"level":"info","requestId":"d41f996d2c06f48fe68acae92d90dfe7","method":"GET","path":"/material-requirements","time":"2026-08-14T14:27:45+08:00","message":"request"}
{"level":"info","requestId":"798887971d1d0407812860dbb89df0af","method":"GET","path":"/work-items","time":"2026-08-14T14:27:45+08:00","message":"request"}
{"level":"info","requestId":"687069c083820deaf5dd1f9e100732a9","method":"GET","path":"/rfq-chains/6a7eb3e45b4243c8065aa755/invitations","time":"2026-08-14T14:27:45+08:00","message":"request"}
{"level":"info","requestId":"c4302b651a5a0295edfddfca5e258f6e","method":"GET","path":"/rfq-chains/6a7eb3e45b4243c8065aa755/versions","time":"2026-08-14T14:27:45+08:00","message":"request"}
{"level":"info","requestId":"89b0375be1cd8ec11a507239cc032c4c","method":"POST","path":"/rfqs/6a7eb3e45b4243c8065aa755/reopen","time":"2026-08-14T14:27:54+08:00","message":"request"}
{"level":"info","requestId":"980fdb98bc90f4055055681253454d89","method":"GET","path":"/rfqs","time":"2026-08-14T14:27:54+08:00","message":"request"}
{"level":"info","requestId":"fefd94ef28b7e178c6b49e1f639925bd","method":"GET","path":"/material-requirements","time":"2026-08-14T14:27:54+08:00","message":"request"}
{"level":"info","requestId":"b1c64c6999605fc41bc42c87249e0e03","method":"GET","path":"/work-items","time":"2026-08-14T14:27:54+08:00","message":"request"}
{"level":"info","requestId":"e975d9fe3fe4366e8e096df4b9335b32","method":"GET","path":"/rfq-chains/6a7eb3e45b4243c8065aa755/versions","time":"2026-08-14T14:27:54+08:00","message":"request"}
{"level":"info","requestId":"f6b61a929684b6c2f480d1e9bec51b83","method":"GET","path":"/rfq-chains/6a7eb3e45b4243c8065aa755/invitations","time":"2026-08-14T14:27:54+08:00","message":"request"}
{"level":"info","requestId":"e2ab89d9a50440bccc98d13e2793b70f","method":"PATCH","path":"/rfqs/6a7eb3e45b4243c8065aa755","time":"2026-08-14T14:28:51+08:00","message":"request"}
{"level":"info","requestId":"9ecec397cd0078452b8ae5301192ab07","method":"GET","path":"/rfqs","time":"2026-08-14T14:28:52+08:00","message":"request"}
{"level":"info","requestId":"e1397548f372f27cfacef82384077637","method":"POST","path":"/rfqs/6a7eb3e45b4243c8065aa755/ready","time":"2026-08-14T14:28:56+08:00","message":"request"}
{"level":"info","requestId":"2989938497f7ec3316ea8b60099b6017","method":"GET","path":"/rfqs","time":"2026-08-14T14:28:56+08:00","message":"request"}
{"level":"info","requestId":"063a20eebaa858bb12beaf62f2e7048b","method":"GET","path":"/material-requirements","time":"2026-08-14T14:28:56+08:00","message":"request"}
{"level":"info","requestId":"947b802121c83e589e6ea10014df9015","method":"GET","path":"/work-items","time":"2026-08-14T14:28:56+08:00","message":"request"}
{"level":"info","requestId":"15f7026b19a646e4115d64403a75affd","method":"GET","path":"/rfq-chains/6a7eb3e45b4243c8065aa755/invitations","time":"2026-08-14T14:28:56+08:00","message":"request"}
{"level":"info","requestId":"452ba0fdc1f34b0fd66ae7607bc17c5c","method":"GET","path":"/rfq-chains/6a7eb3e45b4243c8065aa755/versions","time":"2026-08-14T14:28:56+08:00","message":"request"}
{"level":"info","requestId":"45a5404ad3910a3da138f9d38abb5dbb","method":"POST","path":"/rfq-chains/6a7eb3e45b4243c8065aa755/issue","time":"2026-08-14T14:29:01+08:00","message":"request"}
{"level":"info","requestId":"0d99bc7dfc2e9386083d8313404dae44","method":"GET","path":"/work-items","time":"2026-08-14T14:29:01+08:00","message":"request"}
{"level":"info","requestId":"67202555b626a8877dccd04407f4f287","method":"GET","path":"/material-requirements","time":"2026-08-14T14:29:01+08:00","message":"request"}
{"level":"info","requestId":"8a25d1d5c257c541b35ec147afd7b34a","method":"GET","path":"/rfqs","time":"2026-08-14T14:29:01+08:00","message":"request"}
{"level":"info","requestId":"05531ae58919b3d6ee7fdd6bb3d7a957","method":"GET","path":"/rfq-chains/6a7eb3e45b4243c8065aa755/invitations","time":"2026-08-14T14:29:01+08:00","message":"request"}
{"level":"info","requestId":"10662f270850a3481827fabf84fd63b1","method":"GET","path":"/rfq-chains/6a7eb3e45b4243c8065aa755/versions","time":"2026-08-14T14:29:01+08:00","message":"request"}
{"level":"info","requestId":"6fa7b1d37521bca66ade8066c84b43c9","method":"GET","path":"/rfq-chains/6a7eb3e45b4243c8065aa755/issued-versions/6a7eb5ad5b4243c8065aa762/comparison","time":"2026-08-14T14:29:01+08:00","message":"request"}
{"level":"info","requestId":"0b23fe7dda6c3334cb946544561cac62","method":"GET","path":"/rfq-chains/6a7eb3e45b4243c8065aa755/issued-versions/6a7eb5ad5b4243c8065aa762/award-revisions","time":"2026-08-14T14:29:01+08:00","message":"request"}
{"level":"info","requestId":"41da6afd3a7de76385556ef58b8421b0","method":"POST","path":"/suppliers","time":"2026-08-14T14:29:46+08:00","message":"request"}
{"level":"info","requestId":"911fa0ca13617f10625342eeff83ae11","method":"GET","path":"/suppliers","time":"2026-08-14T14:29:46+08:00","message":"request"}
{"level":"info","requestId":"3c7c1540f4adb9611d56e225d97c46c8","method":"POST","path":"/rfq-chains/6a7eb3e45b4243c8065aa755/invitations","time":"2026-08-14T14:30:31+08:00","message":"request"}
{"level":"info","requestId":"7fbfbb8d32a7669afb1169ba096b7af9","method":"GET","path":"/rfqs","time":"2026-08-14T14:30:32+08:00","message":"request"}
{"level":"info","requestId":"9970117b26d25f12c68950c79298bbd5","method":"GET","path":"/material-requirements","time":"2026-08-14T14:30:32+08:00","message":"request"}
{"level":"info","requestId":"eec955cf9d3b8e8988ec7d41be6bba09","method":"GET","path":"/work-items","time":"2026-08-14T14:30:32+08:00","message":"request"}
{"level":"info","requestId":"df60f959bac22058c3fe405d2ddd2511","method":"GET","path":"/rfq-chains/6a7eb3e45b4243c8065aa755/invitations","time":"2026-08-14T14:30:32+08:00","message":"request"}
{"level":"info","requestId":"6121e7af2aa0873a28bbc821590b4bf9","method":"GET","path":"/rfq-chains/6a7eb3e45b4243c8065aa755/versions","time":"2026-08-14T14:30:32+08:00","message":"request"}
{"level":"info","requestId":"ff81e9d9a3c22c79468683182b4f40d4","method":"GET","path":"/rfq-chains/6a7eb3e45b4243c8065aa755/issued-versions/6a7eb5ad5b4243c8065aa762/award-revisions","time":"2026-08-14T14:30:32+08:00","message":"request"}
{"level":"info","requestId":"512cb8441d725d67282b5317d5f2704c","method":"GET","path":"/rfq-chains/6a7eb3e45b4243c8065aa755/issued-versions/6a7eb5ad5b4243c8065aa762/comparison","time":"2026-08-14T14:30:32+08:00","message":"request"}
{"level":"info","requestId":"ecdde48df7ac316147ec98d407a5a735","method":"POST","path":"/rfq-chains/6a7eb3e45b4243c8065aa755/invitations/6a7eb6075b4243c8065aa766/send","time":"2026-08-14T14:30:45+08:00","message":"request"}
{"level":"info","requestId":"1b287e66a70a391743305f28ba48cc0e","method":"GET","path":"/rfqs","time":"2026-08-14T14:30:45+08:00","message":"request"}
{"level":"info","requestId":"46431e5fa821d645587a8d7a37d65223","method":"GET","path":"/material-requirements","time":"2026-08-14T14:30:45+08:00","message":"request"}
{"level":"info","requestId":"29c0e0f5f395bd12312a47862aee829e","method":"GET","path":"/work-items","time":"2026-08-14T14:30:45+08:00","message":"request"}
{"level":"info","requestId":"898d4d78835af185a3d73e9c67254125","method":"GET","path":"/rfq-chains/6a7eb3e45b4243c8065aa755/versions","time":"2026-08-14T14:30:45+08:00","message":"request"}
{"level":"info","requestId":"71f010621ad2175c0fb8285591667740","method":"GET","path":"/rfq-chains/6a7eb3e45b4243c8065aa755/invitations","time":"2026-08-14T14:30:45+08:00","message":"request"}
{"level":"info","requestId":"1dcc65da2116637b5583ba31f886be90","method":"GET","path":"/rfq-chains/6a7eb3e45b4243c8065aa755/issued-versions/6a7eb5ad5b4243c8065aa762/comparison","time":"2026-08-14T14:30:45+08:00","message":"request"}
{"level":"info","requestId":"88fc659dbcc2a0fc6ae5087b6209baa0","method":"GET","path":"/rfq-chains/6a7eb3e45b4243c8065aa755/issued-versions/6a7eb5ad5b4243c8065aa762/award-revisions","time":"2026-08-14T14:30:45+08:00","message":"request"}
{"level":"info","requestId":"8f2459194c12dbb820b04bd40b84fa37","method":"POST","path":"/rfq-chains/6a7eb3e45b4243c8065aa755/invitations","time":"2026-08-14T14:32:19+08:00","message":"request"}
{"level":"info","requestId":"a25d4c29bdec8ebf5cb7d89fead64fbc","method":"POST","path":"/rfq-chains/6a7eb3e45b4243c8065aa755/invitations","time":"2026-08-14T14:32:25+08:00","message":"request"}
{"level":"info","requestId":"dbb9d801467b667d295c25d734facbae","method":"GET","path":"/auth/me","time":"2026-08-14T14:32:33+08:00","message":"request"}
{"level":"info","requestId":"c8f80eee8d3f05b0282a1c7c77b539a6","method":"GET","path":"/rfqs","time":"2026-08-14T14:32:33+08:00","message":"request"}
{"level":"info","requestId":"36ee70431b17e454b9180a7c7f40278e","method":"GET","path":"/material-requirements","time":"2026-08-14T14:32:33+08:00","message":"request"}
{"level":"info","requestId":"e4cb52d04db6019a554a8c38469dc03d","method":"GET","path":"/materials","time":"2026-08-14T14:32:33+08:00","message":"request"}
{"level":"info","requestId":"c0f14cac5086543c6bf132b5f54181ab","method":"GET","path":"/suppliers","time":"2026-08-14T14:32:33+08:00","message":"request"}
{"level":"info","requestId":"b70b0d03b5798ebec712c644b259d505","method":"GET","path":"/work-items","time":"2026-08-14T14:32:33+08:00","message":"request"}
{"level":"info","requestId":"c98246d844d0d3b73d56271b40ed3e6e","method":"GET","path":"/rfq-chains/6a7eb3e45b4243c8065aa755/versions","time":"2026-08-14T14:32:33+08:00","message":"request"}
{"level":"info","requestId":"fca8e07d144401d6c25ca57f68d04fb5","method":"GET","path":"/rfq-chains/6a7eb3e45b4243c8065aa755/invitations","time":"2026-08-14T14:32:33+08:00","message":"request"}
{"level":"info","requestId":"a5726c8a333f91f3b070f55c53fa66bc","method":"GET","path":"/rfq-chains/6a7eb3e45b4243c8065aa755/issued-versions/6a7eb5ad5b4243c8065aa762/comparison","time":"2026-08-14T14:32:33+08:00","message":"request"}
{"level":"info","requestId":"48e3e2c13ad802cac5e3691a0153de90","method":"GET","path":"/rfq-chains/6a7eb3e45b4243c8065aa755/issued-versions/6a7eb5ad5b4243c8065aa762/award-revisions","time":"2026-08-14T14:32:33+08:00","message":"request"}
{"level":"info","requestId":"c218e8837e57914779dd3c8592dc2d1f","method":"POST","path":"/rfq-chains/6a7eb3e45b4243c8065aa755/invitations","time":"2026-08-14T14:33:51+08:00","message":"request"}
{"level":"info","requestId":"ee7811f13e4a8c721fd3eb6e78cd1833","method":"POST","path":"/suppliers","time":"2026-08-14T14:34:32+08:00","message":"request"}
{"level":"info","requestId":"9e1c75f1eab80b780f228017396568c3","method":"GET","path":"/suppliers","time":"2026-08-14T14:34:32+08:00","message":"request"}
{"level":"info","requestId":"8844753b199fda503d5bb1abce247a67","method":"POST","path":"/rfq-chains/6a7eb3e45b4243c8065aa755/invitations","time":"2026-08-14T14:34:38+08:00","message":"request"}
{"level":"info","requestId":"04c24cb76866631dbdb541569ccbe939","method":"GET","path":"/rfqs","time":"2026-08-14T14:34:38+08:00","message":"request"}
{"level":"info","requestId":"e56f825b01ae1d5d96c70e34a9f7bf89","method":"GET","path":"/material-requirements","time":"2026-08-14T14:34:38+08:00","message":"request"}
{"level":"info","requestId":"1ed380ef389ac3f3a0f8094d577a6505","method":"GET","path":"/work-items","time":"2026-08-14T14:34:38+08:00","message":"request"}
{"level":"info","requestId":"668902563f940adf56fc647fb895e722","method":"GET","path":"/rfq-chains/6a7eb3e45b4243c8065aa755/versions","time":"2026-08-14T14:34:38+08:00","message":"request"}
{"level":"info","requestId":"f96f61966f89f1959e6585468c897aa6","method":"GET","path":"/rfq-chains/6a7eb3e45b4243c8065aa755/invitations","time":"2026-08-14T14:34:38+08:00","message":"request"}
{"level":"info","requestId":"882fe589fa1eaacbb9861bc630d0cab0","method":"GET","path":"/rfq-chains/6a7eb3e45b4243c8065aa755/issued-versions/6a7eb5ad5b4243c8065aa762/comparison","time":"2026-08-14T14:34:38+08:00","message":"request"}
{"level":"info","requestId":"73c0423e4db1b8741d0da7f68074d5f0","method":"GET","path":"/rfq-chains/6a7eb3e45b4243c8065aa755/issued-versions/6a7eb5ad5b4243c8065aa762/award-revisions","time":"2026-08-14T14:34:38+08:00","message":"request"}
{"level":"info","requestId":"8b01c13640138addb7edbeea3d92b3a3","method":"POST","path":"/rfq-chains/6a7eb3e45b4243c8065aa755/invitations/6a7eb6fe5b4243c8065aa778/send","time":"2026-08-14T14:34:42+08:00","message":"request"}
{"level":"info","requestId":"66e823814c945873114039e4bfa70ea7","method":"GET","path":"/rfqs","time":"2026-08-14T14:34:42+08:00","message":"request"}
{"level":"info","requestId":"0d7cb14a830d03e1441a0534ae60b49e","method":"GET","path":"/material-requirements","time":"2026-08-14T14:34:42+08:00","message":"request"}
{"level":"info","requestId":"af283a43068bcf589b740c9b02bc0f62","method":"GET","path":"/work-items","time":"2026-08-14T14:34:42+08:00","message":"request"}
{"level":"info","requestId":"1d9c70aa51109f372ee38371bcec0cbd","method":"GET","path":"/rfq-chains/6a7eb3e45b4243c8065aa755/versions","time":"2026-08-14T14:34:42+08:00","message":"request"}
{"level":"info","requestId":"88de6b634077f396cdb51c2f82e2d7bb","method":"GET","path":"/rfq-chains/6a7eb3e45b4243c8065aa755/invitations","time":"2026-08-14T14:34:42+08:00","message":"request"}
{"level":"info","requestId":"1a2cd35892b83993248127dcc94223bc","method":"GET","path":"/rfq-chains/6a7eb3e45b4243c8065aa755/issued-versions/6a7eb5ad5b4243c8065aa762/comparison","time":"2026-08-14T14:34:42+08:00","message":"request"}
{"level":"info","requestId":"1d10d1216b118dae357859b925e6d0f6","method":"GET","path":"/rfq-chains/6a7eb3e45b4243c8065aa755/issued-versions/6a7eb5ad5b4243c8065aa762/award-revisions","time":"2026-08-14T14:34:42+08:00","message":"request"}
{"level":"info","requestId":"cc3bfc84bf25fa39ea96357d8ced27b6","method":"POST","path":"/material-requirements","time":"2026-08-14T14:36:09+08:00","message":"request"}
{"level":"info","requestId":"0cb0a1e09e635793813f508639bd2f05","method":"GET","path":"/rfqs","time":"2026-08-14T14:36:09+08:00","message":"request"}
{"level":"info","requestId":"fed187666d5ac1dcc1f0a7ae98fcd7ac","method":"GET","path":"/material-requirements","time":"2026-08-14T14:36:09+08:00","message":"request"}
{"level":"info","requestId":"3bd0c204e6be99d86a8c91aa0c0bd409","method":"GET","path":"/work-items","time":"2026-08-14T14:36:09+08:00","message":"request"}
{"level":"info","requestId":"97346c370d176558ce86ace061fbdfc7","method":"GET","path":"/rfq-chains/6a7eb3e45b4243c8065aa755/versions","time":"2026-08-14T14:36:09+08:00","message":"request"}
{"level":"info","requestId":"bc1d22936372c46c30cb7e1429fe1c54","method":"GET","path":"/rfq-chains/6a7eb3e45b4243c8065aa755/invitations","time":"2026-08-14T14:36:09+08:00","message":"request"}
{"level":"info","requestId":"37f4dc6ceabbbe93f17f315a46099043","method":"GET","path":"/rfq-chains/6a7eb3e45b4243c8065aa755/issued-versions/6a7eb5ad5b4243c8065aa762/award-revisions","time":"2026-08-14T14:36:09+08:00","message":"request"}
{"level":"info","requestId":"a3f4c95a9f5471d7701c3e9c82131724","method":"GET","path":"/rfq-chains/6a7eb3e45b4243c8065aa755/issued-versions/6a7eb5ad5b4243c8065aa762/comparison","time":"2026-08-14T14:36:09+08:00","message":"request"}
{"level":"info","requestId":"f95482b2f0b5aa04854e44e85b81bbdf","method":"POST","path":"/material-requirements/6a7eb7595b4243c8065aa785/review","time":"2026-08-14T14:36:13+08:00","message":"request"}
{"level":"info","requestId":"ec6b05cd105676f7d0a99ca34ec4c1b5","method":"GET","path":"/material-requirements","time":"2026-08-14T14:36:13+08:00","message":"request"}
{"level":"info","requestId":"0b9dce136c0114fc368ed6efe972006c","method":"POST","path":"/projects/6a7eb1dc5b4243c8065aa74d/rfqs","time":"2026-08-14T14:37:03+08:00","message":"request"}
{"level":"info","requestId":"f80f2634f250cae6dd5ed2110575f33b","method":"GET","path":"/rfqs","time":"2026-08-14T14:37:03+08:00","message":"request"}
{"level":"info","requestId":"88fa3550396a45eb40bb724bf4f6d63d","method":"GET","path":"/material-requirements","time":"2026-08-14T14:37:03+08:00","message":"request"}
{"level":"info","requestId":"1e8a2d5b91651813162771ff268a5337","method":"GET","path":"/work-items","time":"2026-08-14T14:37:03+08:00","message":"request"}
{"level":"info","requestId":"31d271b85de44a77c04b8e76c71f22d8","method":"GET","path":"/rfq-chains/6a7eb3e45b4243c8065aa755/versions","time":"2026-08-14T14:37:03+08:00","message":"request"}
{"level":"info","requestId":"a7bf592243162cc26f52d4b1cf0230aa","method":"GET","path":"/rfq-chains/6a7eb3e45b4243c8065aa755/invitations","time":"2026-08-14T14:37:03+08:00","message":"request"}
{"level":"info","requestId":"53ae257b08d8b47754dcf4833f0f85c6","method":"GET","path":"/rfq-chains/6a7eb3e45b4243c8065aa755/issued-versions/6a7eb5ad5b4243c8065aa762/comparison","time":"2026-08-14T14:37:03+08:00","message":"request"}
{"level":"info","requestId":"7d6058e9f9fda86fe4e00419103f0567","method":"GET","path":"/rfq-chains/6a7eb3e45b4243c8065aa755/issued-versions/6a7eb5ad5b4243c8065aa762/award-revisions","time":"2026-08-14T14:37:03+08:00","message":"request"}
{"level":"info","requestId":"c33c979566777582d55916d8dba3c09a","method":"GET","path":"/rfq-chains/6a7eb78f5b4243c8065aa788/invitations","time":"2026-08-14T14:37:03+08:00","message":"request"}
{"level":"info","requestId":"3fd97066bfa7cb782b1a95b44461a4fa","method":"POST","path":"/material-requirements","time":"2026-08-14T14:37:44+08:00","message":"request"}
{"level":"info","requestId":"ceda9c5816d0fa969e1e6444f67d2631","method":"GET","path":"/rfqs","time":"2026-08-14T14:37:44+08:00","message":"request"}
{"level":"info","requestId":"9958b598da574c01baa3cbc197222825","method":"GET","path":"/material-requirements","time":"2026-08-14T14:37:44+08:00","message":"request"}
{"level":"info","requestId":"14280d9b159ef5c4e9ab200efeeef311","method":"GET","path":"/work-items","time":"2026-08-14T14:37:44+08:00","message":"request"}
{"level":"info","requestId":"ab6df12764a4282466dbdbc9b8ca81bd","method":"GET","path":"/rfq-chains/6a7eb78f5b4243c8065aa788/invitations","time":"2026-08-14T14:37:44+08:00","message":"request"}
{"level":"info","requestId":"da6d96ec928b0dbe5b2d07a58295e1cd","method":"POST","path":"/material-requirements/6a7eb7b85b4243c8065aa78a/review","time":"2026-08-14T14:37:49+08:00","message":"request"}
{"level":"info","requestId":"185d130399c99626792e8c2a33f70430","method":"GET","path":"/material-requirements","time":"2026-08-14T14:37:49+08:00","message":"request"}
{"level":"info","requestId":"8ef6ee8c35cecdef7f0af3c582822ab3","method":"POST","path":"/rfqs/6a7eb78f5b4243c8065aa788/lines","time":"2026-08-14T14:37:54+08:00","message":"request"}
{"level":"info","requestId":"b05b1eb1b96b8bcc6fab9132a96d0bef","method":"GET","path":"/material-requirements","time":"2026-08-14T14:37:54+08:00","message":"request"}
{"level":"info","requestId":"6aabfe3e20de3c64ac408b686f84042f","method":"GET","path":"/rfqs","time":"2026-08-14T14:37:54+08:00","message":"request"}
{"level":"info","requestId":"67691106f317e14f04a8d68db54f35ca","method":"POST","path":"/rfqs/6a7eb78f5b4243c8065aa788/lines","time":"2026-08-14T14:37:59+08:00","message":"request"}
{"level":"info","requestId":"223cbf6145b2fde2a9a17612fa3559a0","method":"GET","path":"/rfqs","time":"2026-08-14T14:37:59+08:00","message":"request"}
{"level":"info","requestId":"d35688ed71b83963c55cdff653fde51f","method":"GET","path":"/material-requirements","time":"2026-08-14T14:37:59+08:00","message":"request"}
{"level":"info","requestId":"4edc48f9faea5de0a72920cfeff4f68a","method":"PATCH","path":"/rfqs/6a7eb78f5b4243c8065aa788","time":"2026-08-14T14:38:50+08:00","message":"request"}
{"level":"info","requestId":"49c95aa2876de3fb1ba51e803c702bdd","method":"GET","path":"/rfqs","time":"2026-08-14T14:38:50+08:00","message":"request"}
{"level":"info","requestId":"20eb77b0bab0ee70c8f04161933a3ce3","method":"POST","path":"/rfqs/6a7eb78f5b4243c8065aa788/ready","time":"2026-08-14T14:38:55+08:00","message":"request"}
{"level":"info","requestId":"e3d2fbbd348e09e821fe9121e3add299","method":"GET","path":"/rfqs","time":"2026-08-14T14:38:55+08:00","message":"request"}
{"level":"info","requestId":"9e66d181f986a67907cacdc93729941e","method":"GET","path":"/material-requirements","time":"2026-08-14T14:38:55+08:00","message":"request"}
{"level":"info","requestId":"9b6793833cc3d41430e012febef98571","method":"GET","path":"/work-items","time":"2026-08-14T14:38:55+08:00","message":"request"}
{"level":"info","requestId":"599e41f70bf972790ce8231d51ee60a0","method":"GET","path":"/rfq-chains/6a7eb78f5b4243c8065aa788/invitations","time":"2026-08-14T14:38:55+08:00","message":"request"}
{"level":"info","requestId":"839ded8f9fbb99cb433a1dc412445930","method":"GET","path":"/rfq-chains/6a7eb78f5b4243c8065aa788/versions","time":"2026-08-14T14:38:55+08:00","message":"request"}
{"level":"info","requestId":"838da0b42bfb8efb702da201b8eb27c6","method":"POST","path":"/rfq-chains/6a7eb78f5b4243c8065aa788/issue","time":"2026-08-14T14:39:00+08:00","message":"request"}
{"level":"info","requestId":"abc6ff36b787c36349529a32c43589e6","method":"GET","path":"/rfqs","time":"2026-08-14T14:39:00+08:00","message":"request"}
{"level":"info","requestId":"181fc4ef60450bd152b4456f322ce75a","method":"GET","path":"/material-requirements","time":"2026-08-14T14:39:00+08:00","message":"request"}
{"level":"info","requestId":"c14b9502f45e6c5d3a6e400c6c251010","method":"GET","path":"/work-items","time":"2026-08-14T14:39:00+08:00","message":"request"}
{"level":"info","requestId":"31945503abd1471c7f235abd7805e4f6","method":"GET","path":"/rfq-chains/6a7eb78f5b4243c8065aa788/versions","time":"2026-08-14T14:39:00+08:00","message":"request"}
{"level":"info","requestId":"62a54dbff278c0c580dd90183966578a","method":"GET","path":"/rfq-chains/6a7eb78f5b4243c8065aa788/invitations","time":"2026-08-14T14:39:00+08:00","message":"request"}
{"level":"info","requestId":"3d6b4b60c8719a6cf2a0a0dade84a36c","method":"GET","path":"/rfq-chains/6a7eb78f5b4243c8065aa788/issued-versions/6a7eb8045b4243c8065aa797/comparison","time":"2026-08-14T14:39:00+08:00","message":"request"}
{"level":"info","requestId":"df9cdf720cfaab87aabb84fb4b9a581b","method":"GET","path":"/rfq-chains/6a7eb78f5b4243c8065aa788/issued-versions/6a7eb8045b4243c8065aa797/award-revisions","time":"2026-08-14T14:39:00+08:00","message":"request"}
{"level":"info","requestId":"e8b3483fd935e021e9f064a9e2674c35","method":"POST","path":"/rfq-chains/6a7eb78f5b4243c8065aa788/invitations","time":"2026-08-14T14:39:10+08:00","message":"request"}
{"level":"info","requestId":"926c39bf4f5087bb00b649666a927f36","method":"GET","path":"/rfqs","time":"2026-08-14T14:39:10+08:00","message":"request"}
{"level":"info","requestId":"45e1b86c964c4d09a5caebdf784a8d67","method":"GET","path":"/material-requirements","time":"2026-08-14T14:39:10+08:00","message":"request"}
{"level":"info","requestId":"dffabd689824dd7611d4b7457c1bd1d2","method":"GET","path":"/work-items","time":"2026-08-14T14:39:10+08:00","message":"request"}
{"level":"info","requestId":"fa7602b7f2aec152522a690723642045","method":"GET","path":"/rfq-chains/6a7eb78f5b4243c8065aa788/invitations","time":"2026-08-14T14:39:10+08:00","message":"request"}
{"level":"info","requestId":"d263f93a596c250c6128bbbb0d10fff1","method":"GET","path":"/rfq-chains/6a7eb78f5b4243c8065aa788/versions","time":"2026-08-14T14:39:10+08:00","message":"request"}
{"level":"info","requestId":"c9cb35f9d441bb28cd3a3a18b153ac29","method":"GET","path":"/rfq-chains/6a7eb78f5b4243c8065aa788/issued-versions/6a7eb8045b4243c8065aa797/comparison","time":"2026-08-14T14:39:10+08:00","message":"request"}
{"level":"info","requestId":"b613e895a24008a63e75f08964779dfc","method":"GET","path":"/rfq-chains/6a7eb78f5b4243c8065aa788/issued-versions/6a7eb8045b4243c8065aa797/award-revisions","time":"2026-08-14T14:39:10+08:00","message":"request"}
{"level":"info","requestId":"7cbbd8427de820669545a2f05100da05","method":"POST","path":"/rfq-chains/6a7eb78f5b4243c8065aa788/invitations/6a7eb80e5b4243c8065aa799/send","time":"2026-08-14T14:39:14+08:00","message":"request"}
{"level":"info","requestId":"1ec4b880cfa5f46e36bbd60ca63a461d","method":"GET","path":"/rfqs","time":"2026-08-14T14:39:14+08:00","message":"request"}
{"level":"info","requestId":"4d204b3872cffdd78b059a80c1f0436d","method":"GET","path":"/material-requirements","time":"2026-08-14T14:39:14+08:00","message":"request"}
{"level":"info","requestId":"aa1bced82be5adc7f5cab6a4a5830357","method":"GET","path":"/work-items","time":"2026-08-14T14:39:14+08:00","message":"request"}
{"level":"info","requestId":"0fc20e1bf14680463f409ba4dd16daa6","method":"GET","path":"/rfq-chains/6a7eb78f5b4243c8065aa788/versions","time":"2026-08-14T14:39:14+08:00","message":"request"}
{"level":"info","requestId":"70af5d2615f878a9a5c0b0b81c4da2ba","method":"GET","path":"/rfq-chains/6a7eb78f5b4243c8065aa788/invitations","time":"2026-08-14T14:39:14+08:00","message":"request"}
{"level":"info","requestId":"dfae570f3b230f7abe47cee96cd96778","method":"GET","path":"/rfq-chains/6a7eb78f5b4243c8065aa788/issued-versions/6a7eb8045b4243c8065aa797/comparison","time":"2026-08-14T14:39:14+08:00","message":"request"}
{"level":"info","requestId":"a28b492f60e1ad360b6032489c2f77cd","method":"GET","path":"/rfq-chains/6a7eb78f5b4243c8065aa788/issued-versions/6a7eb8045b4243c8065aa797/award-revisions","time":"2026-08-14T14:39:14+08:00","message":"request"}
{"level":"info","requestId":"6e19322c9a6592756e48d994c40491bd","method":"GET","path":"/auth/me","time":"2026-08-14T14:41:28+08:00","message":"request"}
{"level":"info","requestId":"4fdcfa5ef808f52b2d28eda55025bc4a","method":"GET","path":"/rfqs","time":"2026-08-14T14:41:29+08:00","message":"request"}
{"level":"info","requestId":"c3261bbc6798250593b28fc54225179c","method":"GET","path":"/material-requirements","time":"2026-08-14T14:41:29+08:00","message":"request"}
{"level":"info","requestId":"c6fab008a908f349485596bf063279ed","method":"GET","path":"/materials","time":"2026-08-14T14:41:29+08:00","message":"request"}
{"level":"info","requestId":"651d4e4e01a91fccbf83f0806a8da6a7","method":"GET","path":"/suppliers","time":"2026-08-14T14:41:29+08:00","message":"request"}
{"level":"info","requestId":"3ef65ba22f6d7f1d563c9444440715bc","method":"GET","path":"/work-items","time":"2026-08-14T14:41:29+08:00","message":"request"}
{"level":"info","requestId":"61befa006ca4254ac6a77af4dd548b5e","method":"GET","path":"/rfq-chains/6a7eb3e45b4243c8065aa755/versions","time":"2026-08-14T14:41:29+08:00","message":"request"}
{"level":"info","requestId":"b6f01ecbe77fe51981cd2940e383daf1","method":"GET","path":"/rfq-chains/6a7eb3e45b4243c8065aa755/invitations","time":"2026-08-14T14:41:29+08:00","message":"request"}
{"level":"info","requestId":"247d3ece697a33e997ec9d4a7298ec8a","method":"GET","path":"/rfq-chains/6a7eb3e45b4243c8065aa755/issued-versions/6a7eb5ad5b4243c8065aa762/comparison","time":"2026-08-14T14:41:29+08:00","message":"request"}
{"level":"info","requestId":"cc03e8a6b83d04dc698ebf86584fc61e","method":"GET","path":"/rfq-chains/6a7eb3e45b4243c8065aa755/issued-versions/6a7eb5ad5b4243c8065aa762/award-revisions","time":"2026-08-14T14:41:29+08:00","message":"request"}
{"level":"info","requestId":"2859a7a96546d0928c5ffaaa75958a3c","method":"GET","path":"/rfq-chains/6a7eb78f5b4243c8065aa788/invitations","time":"2026-08-14T14:41:38+08:00","message":"request"}
{"level":"info","requestId":"32644a2cc2a73f0bec8de35a4f8046e1","method":"GET","path":"/rfq-chains/6a7eb78f5b4243c8065aa788/versions","time":"2026-08-14T14:41:38+08:00","message":"request"}
{"level":"info","requestId":"62660f31931c38cdba06daf7de0aa21b","method":"GET","path":"/rfq-chains/6a7eb78f5b4243c8065aa788/issued-versions/6a7eb8045b4243c8065aa797/comparison","time":"2026-08-14T14:41:38+08:00","message":"request"}
{"level":"info","requestId":"4e53ecb095d92024e4c8f5689d218692","method":"GET","path":"/rfq-chains/6a7eb78f5b4243c8065aa788/issued-versions/6a7eb8045b4243c8065aa797/award-revisions","time":"2026-08-14T14:41:38+08:00","message":"request"}
{"level":"info","requestId":"aee2abe18c43544be7b1a78da68027b3","method":"GET","path":"/auth/me","time":"2026-08-14T15:10:46+08:00","message":"request"}
{"level":"info","requestId":"0649f2ebfda72b2b7b4c709762e6e3ab","method":"GET","path":"/projects","time":"2026-08-14T15:10:46+08:00","message":"request"}
{"level":"info","requestId":"02d6e7c3373cde1423e86d5b71a19d39","method":"GET","path":"/clients","time":"2026-08-14T15:10:46+08:00","message":"request"}
{"level":"info","requestId":"374083f90b0c8b6b366d2e5f3747d619","method":"GET","path":"/cost-items","time":"2026-08-14T15:10:46+08:00","message":"request"}
{"level":"info","requestId":"64b20366eb2bcd0103ec043e19911531","method":"GET","path":"/estimates","time":"2026-08-14T15:10:46+08:00","message":"request"}
{"level":"info","requestId":"bd68453b64e34c618246ed4449a847f0","method":"GET","path":"/quotations","time":"2026-08-14T15:10:46+08:00","message":"request"}
{"level":"info","requestId":"3929b607e08f2258d0886ad557a321eb","method":"GET","path":"/rfqs","time":"2026-08-14T15:10:46+08:00","message":"request"}
{"level":"info","requestId":"e0b48faa125d13332ef51823f07d0122","method":"GET","path":"/auth/me","time":"2026-08-14T15:11:35+08:00","message":"request"}
{"level":"info","requestId":"cc09ce2d34a9729fb84afb47a33667d8","method":"GET","path":"/projects","time":"2026-08-14T15:11:35+08:00","message":"request"}
{"level":"info","requestId":"ec6f3587b9548f5ce61d84c900699056","method":"GET","path":"/clients","time":"2026-08-14T15:11:35+08:00","message":"request"}
{"level":"info","requestId":"0fb29f9a3594e4960a8df5c29c0987d9","method":"GET","path":"/auth/me","time":"2026-08-14T15:12:40+08:00","message":"request"}
{"level":"info","requestId":"167212029d5b9cc13b5245a19c05f084","method":"GET","path":"/projects","time":"2026-08-14T15:12:40+08:00","message":"request"}
{"level":"info","requestId":"f8b962d07b46394701e73c19647b37de","method":"GET","path":"/clients","time":"2026-08-14T15:12:40+08:00","message":"request"}
{"level":"info","requestId":"bc5d59a3368a2d87af6595f800fe135e","method":"GET","path":"/auth/me","time":"2026-08-14T15:14:07+08:00","message":"request"}
{"level":"info","requestId":"187b99a1280f0b800c9236279f352537","method":"GET","path":"/clients","time":"2026-08-14T15:14:07+08:00","message":"request"}
{"level":"info","requestId":"67f8882fda056e622093266f6f73ba6f","method":"POST","path":"/clients","time":"2026-08-14T15:14:56+08:00","message":"request"}
{"level":"info","requestId":"69fb241dd48ffec9e1c0a69f886d94ea","method":"GET","path":"/clients","time":"2026-08-14T15:14:56+08:00","message":"request"}
{"level":"info","requestId":"5d760a6eb3b3ff2bce3a436ab82f9131","method":"GET","path":"/auth/me","time":"2026-08-14T15:15:09+08:00","message":"request"}
{"level":"info","requestId":"2ff42e2b9fee47395a39fecdd47ab63f","method":"GET","path":"/projects","time":"2026-08-14T15:15:09+08:00","message":"request"}
{"level":"info","requestId":"f6b88d80b719c0b6eb84ad6aa705c684","method":"GET","path":"/clients","time":"2026-08-14T15:15:09+08:00","message":"request"}
{"level":"info","requestId":"9d2559e620f993f45f108323153150fb","method":"POST","path":"/projects","time":"2026-08-14T15:16:00+08:00","message":"request"}
{"level":"info","requestId":"fb5632dc6dc3af0e81abfaeb944fcd7a","method":"GET","path":"/clients","time":"2026-08-14T15:16:00+08:00","message":"request"}
{"level":"info","requestId":"f1187a82ce5f0ae11fa51a5546519cd0","method":"GET","path":"/projects","time":"2026-08-14T15:16:00+08:00","message":"request"}
{"level":"info","requestId":"03966f444112eb2b813d1e70f39e6a7d","method":"GET","path":"/auth/me","time":"2026-08-14T15:16:13+08:00","message":"request"}
{"level":"info","requestId":"3fed8c6b5055e31f4520d96e5a89c9b9","method":"GET","path":"/projects/6a7ec0b05b4243c8065aa7b3","time":"2026-08-14T15:16:13+08:00","message":"request"}
{"level":"info","requestId":"f4cf5aae47bf7eb440b80e63890c3f3e","method":"GET","path":"/properties","time":"2026-08-14T15:16:13+08:00","message":"request"}
{"level":"info","requestId":"a052e003e13bfe29532607064f236f60","method":"GET","path":"/spaces","time":"2026-08-14T15:16:13+08:00","message":"request"}
{"level":"info","requestId":"71e776a0bf7c609d78d53f42e2308b3e","method":"GET","path":"/work-items","time":"2026-08-14T15:16:13+08:00","message":"request"}
{"level":"info","requestId":"ce9913ce120d3719e9d4ba271561cf6d","method":"GET","path":"/cost-items","time":"2026-08-14T15:16:13+08:00","message":"request"}
{"level":"info","requestId":"9e1d5c5bdeea8b57dc67538bf01a0105","method":"GET","path":"/estimates","time":"2026-08-14T15:16:13+08:00","message":"request"}
{"level":"info","requestId":"179d013daddde99fe279f9b53f39154b","method":"GET","path":"/quotations","time":"2026-08-14T15:16:13+08:00","message":"request"}
{"level":"info","requestId":"e7052ce882abcf1cc9c93f2ea54c509a","method":"GET","path":"/rfqs","time":"2026-08-14T15:16:13+08:00","message":"request"}
{"level":"info","requestId":"483f9d9c937187ec36c8d289ed70dfaa","method":"GET","path":"/clients/6a7ec0705b4243c8065aa7b2","time":"2026-08-14T15:16:13+08:00","message":"request"}
{"level":"info","requestId":"409e2bbbcc6e4fd3802cc60579e9547f","method":"GET","path":"/properties","time":"2026-08-14T15:16:21+08:00","message":"request"}
{"level":"info","requestId":"6dc8e8d7533714c788381d63967edf37","method":"POST","path":"/properties","time":"2026-08-14T15:16:48+08:00","message":"request"}
{"level":"info","requestId":"7470d4aa2534b3e1519052cf4e8c2a30","method":"GET","path":"/properties","time":"2026-08-14T15:16:48+08:00","message":"request"}
{"level":"info","requestId":"f0548104e60c9e1d5c723fa698a02319","method":"GET","path":"/auth/me","time":"2026-08-14T15:17:03+08:00","message":"request"}
{"level":"info","requestId":"d66bc6279e4ba272656f80b737a532ca","method":"GET","path":"/spaces","time":"2026-08-14T15:17:03+08:00","message":"request"}
{"level":"info","requestId":"c9c1ce1921dc727ae3c1b5969e61949c","method":"POST","path":"/spaces","time":"2026-08-14T15:17:30+08:00","message":"request"}
{"level":"info","requestId":"cf7d227e1994b3dee10b77a7e8c0a897","method":"GET","path":"/spaces","time":"2026-08-14T15:17:30+08:00","message":"request"}
{"level":"info","requestId":"989d719ed9e3c9075a6819a6dd7a82c6","method":"POST","path":"/spaces","time":"2026-08-14T15:17:53+08:00","message":"request"}
{"level":"info","requestId":"1ee4b7a6ab9bbc12b45abe11163b011a","method":"GET","path":"/spaces","time":"2026-08-14T15:17:53+08:00","message":"request"}
{"level":"info","requestId":"7bcbb25ca8571b6cbc0eb1312eade4ad","method":"POST","path":"/spaces","time":"2026-08-14T15:18:19+08:00","message":"request"}
{"level":"info","requestId":"abc0c633b550537670a9711a5bfff455","method":"GET","path":"/spaces","time":"2026-08-14T15:18:19+08:00","message":"request"}
{"level":"info","requestId":"5a6d1db345dbcef6fd3d40a468407b36","method":"POST","path":"/spaces","time":"2026-08-14T15:18:47+08:00","message":"request"}
{"level":"info","requestId":"1dcde5f99f1c9df61628be9d3e3eadaa","method":"GET","path":"/spaces","time":"2026-08-14T15:18:48+08:00","message":"request"}
{"level":"info","requestId":"34b6c0fc6885e2e353cde1b9dac980de","method":"GET","path":"/auth/me","time":"2026-08-14T15:18:56+08:00","message":"request"}
{"level":"info","requestId":"680be2ffc9e497cbc5c4f6a9c5a4d29b","method":"GET","path":"/spaces","time":"2026-08-14T15:18:56+08:00","message":"request"}
{"level":"info","requestId":"9404f9560a256f125519a9857c45d202","method":"GET","path":"/auth/me","time":"2026-08-14T15:19:51+08:00","message":"request"}
{"level":"info","requestId":"aab49506ed41b172a0c3e0cde7a2f96a","method":"GET","path":"/work-items","time":"2026-08-14T15:19:51+08:00","message":"request"}
{"level":"info","requestId":"faa2fe9c57c398ed80f1343ce0bb0279","method":"GET","path":"/spaces","time":"2026-08-14T15:19:51+08:00","message":"request"}
{"level":"info","requestId":"87db4072d04835318f7a3492ba590bce","method":"POST","path":"/work-items","time":"2026-08-14T15:20:22+08:00","message":"request"}
{"level":"info","requestId":"39b5f6d2ed3270108395fd3732e56adb","method":"GET","path":"/work-items","time":"2026-08-14T15:20:22+08:00","message":"request"}
{"level":"info","requestId":"352fdeec3480c030aae621d11e159638","method":"POST","path":"/work-items","time":"2026-08-14T15:20:51+08:00","message":"request"}
{"level":"info","requestId":"ba39aa7337d9a6f5c18692d3a2e0d977","method":"GET","path":"/work-items","time":"2026-08-14T15:20:51+08:00","message":"request"}
{"level":"info","requestId":"81760255e6936d235fb8478374a3ba5e","method":"POST","path":"/work-items","time":"2026-08-14T15:21:23+08:00","message":"request"}
{"level":"info","requestId":"2baa074db0c6f316dac0dce4b322028a","method":"GET","path":"/work-items","time":"2026-08-14T15:21:23+08:00","message":"request"}
{"level":"info","requestId":"cf531997e50980ccbc6447902f2c5ac0","method":"POST","path":"/work-items","time":"2026-08-14T15:21:51+08:00","message":"request"}
{"level":"info","requestId":"9043b6de41949cae86a46b9150940e02","method":"GET","path":"/work-items","time":"2026-08-14T15:21:51+08:00","message":"request"}
{"level":"info","requestId":"f2851614d18842a8b5ee4b4f621c945a","method":"POST","path":"/work-items","time":"2026-08-14T15:22:19+08:00","message":"request"}
{"level":"info","requestId":"bbdc17d9f5cc56894ec2d9b152588419","method":"GET","path":"/work-items","time":"2026-08-14T15:22:19+08:00","message":"request"}
{"level":"info","requestId":"916793bdff71540c9e35fa0b82b1d459","method":"POST","path":"/work-items","time":"2026-08-14T15:22:46+08:00","message":"request"}
{"level":"info","requestId":"86740db1e075c00b012ac80034d6703b","method":"GET","path":"/work-items","time":"2026-08-14T15:22:46+08:00","message":"request"}
{"level":"info","requestId":"4b924f1d8434c5952aeef008c3feb12e","method":"POST","path":"/work-items","time":"2026-08-14T15:23:16+08:00","message":"request"}
{"level":"info","requestId":"07aaaaa1c9eb279ec68b666941f573ba","method":"GET","path":"/work-items","time":"2026-08-14T15:23:16+08:00","message":"request"}
{"level":"info","requestId":"25674795b5cbb75aba61aeb5b3768e13","method":"POST","path":"/work-items","time":"2026-08-14T15:23:44+08:00","message":"request"}
{"level":"info","requestId":"9585e2d400d5142243707cfba269cb55","method":"GET","path":"/work-items","time":"2026-08-14T15:23:44+08:00","message":"request"}
{"level":"info","requestId":"c7492885b7b5a3d5803e5a061ec21c2b","method":"GET","path":"/auth/me","time":"2026-08-14T15:24:06+08:00","message":"request"}
{"level":"info","requestId":"6f1a1ad4c9de435e74cb900e965906f7","method":"GET","path":"/materials","time":"2026-08-14T15:24:07+08:00","message":"request"}
{"level":"info","requestId":"ac27587970d04534f45f8b8c42c3e6fe","method":"GET","path":"/workers","time":"2026-08-14T15:24:07+08:00","message":"request"}
{"level":"info","requestId":"3a79cc608d70ada27219959850b4d5b7","method":"GET","path":"/labour-entries","time":"2026-08-14T15:24:07+08:00","message":"request"}
{"level":"info","requestId":"3c53df0872ab9e15094616f8e1fe7821","method":"GET","path":"/work-items","time":"2026-08-14T15:24:07+08:00","message":"request"}
{"level":"info","requestId":"87b4237ee70cfd093fdd3a75d9bf767a","method":"POST","path":"/materials","time":"2026-08-14T15:24:24+08:00","message":"request"}
{"level":"info","requestId":"282b996bbcd65dad6dff4b8b1176070d","method":"GET","path":"/materials","time":"2026-08-14T15:24:24+08:00","message":"request"}
{"level":"info","requestId":"771446a8870260fef4b64454eedfb2d1","method":"POST","path":"/materials","time":"2026-08-14T15:24:52+08:00","message":"request"}
{"level":"info","requestId":"89b0bea7eab0f5ee021cbc282196f4df","method":"GET","path":"/materials","time":"2026-08-14T15:24:52+08:00","message":"request"}
{"level":"info","requestId":"e2737118939d484b7ca778736946fbce","method":"POST","path":"/materials","time":"2026-08-14T15:25:13+08:00","message":"request"}
{"level":"info","requestId":"a2db1c53a880fbe341d478188b555c73","method":"GET","path":"/materials","time":"2026-08-14T15:25:13+08:00","message":"request"}
{"level":"info","requestId":"4e48a8b7d779dbd8519af91c265b1e37","method":"POST","path":"/materials","time":"2026-08-14T15:25:33+08:00","message":"request"}
{"level":"info","requestId":"ef5221c6a75917952b7b08fc1a038e2c","method":"GET","path":"/materials","time":"2026-08-14T15:25:33+08:00","message":"request"}
{"level":"info","requestId":"b10d27e3c8c9e4d237d1dd3ec18d92ec","method":"POST","path":"/materials","time":"2026-08-14T15:25:52+08:00","message":"request"}
{"level":"info","requestId":"17dfc0bf1f22612777bf1e8b5b79df6b","method":"GET","path":"/materials","time":"2026-08-14T15:25:52+08:00","message":"request"}
{"level":"info","requestId":"219021c32cf292a4bc968a881fc2a793","method":"POST","path":"/workers","time":"2026-08-14T15:26:29+08:00","message":"request"}
{"level":"info","requestId":"9701e3fe156fa3a352a19f17aa660890","method":"GET","path":"/workers","time":"2026-08-14T15:26:29+08:00","message":"request"}
{"level":"info","requestId":"4610b755bc78664ae9702d544d69c882","method":"POST","path":"/labour-entries","time":"2026-08-14T15:28:02+08:00","message":"request"}
{"level":"info","requestId":"941f35c6eac22f5f9f2ef770799020bb","method":"GET","path":"/labour-entries","time":"2026-08-14T15:28:02+08:00","message":"request"}
{"level":"info","requestId":"31bdba37cfff226341c01ce755485616","method":"POST","path":"/labour-entries","time":"2026-08-14T15:29:04+08:00","message":"request"}
{"level":"info","requestId":"f4f881561b873f8021b34aef7b41d007","method":"GET","path":"/labour-entries","time":"2026-08-14T15:29:04+08:00","message":"request"}
{"level":"info","requestId":"696bb09cca642ef0bdb203b0697a5529","method":"GET","path":"/auth/me","time":"2026-08-14T15:29:28+08:00","message":"request"}
{"level":"info","requestId":"4f054255893dc283bc512850d3c79a3d","method":"GET","path":"/cost-items","time":"2026-08-14T15:29:28+08:00","message":"request"}
{"level":"info","requestId":"06ad69cbfab2d19d7548c2c6f2c40dcf","method":"GET","path":"/work-items","time":"2026-08-14T15:29:28+08:00","message":"request"}
{"level":"info","requestId":"f3f5a059c12c98209f633daf59845d75","method":"GET","path":"/materials","time":"2026-08-14T15:29:28+08:00","message":"request"}
{"level":"info","requestId":"1ee87d8715ea578204a57c7938cda1d5","method":"POST","path":"/cost-items","time":"2026-08-14T15:30:26+08:00","message":"request"}
{"level":"info","requestId":"a86440cb810171aed9323f72cdb0f91d","method":"GET","path":"/cost-items","time":"2026-08-14T15:30:26+08:00","message":"request"}
{"level":"info","requestId":"addfc5c3bfdad2afcdcc43ed9c5d229d","method":"POST","path":"/cost-items","time":"2026-08-14T15:30:49+08:00","message":"request"}
{"level":"info","requestId":"b32e0e75fcfd4a6cb55377fba52a7ba4","method":"GET","path":"/cost-items","time":"2026-08-14T15:30:49+08:00","message":"request"}
{"level":"info","requestId":"367a53fd8f1ce853ffc21df60c1703b4","method":"POST","path":"/cost-items","time":"2026-08-14T15:31:43+08:00","message":"request"}
{"level":"info","requestId":"0cbfdc3e4db45d54cf6cb7972798f611","method":"GET","path":"/cost-items","time":"2026-08-14T15:31:43+08:00","message":"request"}
{"level":"info","requestId":"b5850adfbef21adaf78f3117b367b99a","method":"GET","path":"/auth/me","time":"2026-08-14T15:32:15+08:00","message":"request"}
{"level":"info","requestId":"600d9b7dd192fef23f3025babb812cb6","method":"GET","path":"/estimates","time":"2026-08-14T15:32:15+08:00","message":"request"}
{"level":"info","requestId":"2ed3ebf6ffb7429e20be4b8af987419b","method":"POST","path":"/estimates","time":"2026-08-14T15:32:46+08:00","message":"request"}
{"level":"info","requestId":"bb71403cb033fee233419481745bb96f","method":"GET","path":"/estimates","time":"2026-08-14T15:32:46+08:00","message":"request"}
{"level":"info","requestId":"2c9288b8bd7cd0e215d2f80f49dba13e","method":"POST","path":"/estimates/6a7ec49e5b4243c8065aa7cd/finalize","time":"2026-08-14T15:33:04+08:00","message":"request"}
{"level":"info","requestId":"52da3da096a8193a84a6ee3da3f54ea2","method":"GET","path":"/estimates","time":"2026-08-14T15:33:04+08:00","message":"request"}
{"level":"info","requestId":"3ebc84e1a2c699dd04cb6d0a351128d8","method":"GET","path":"/auth/me","time":"2026-08-14T15:35:03+08:00","message":"request"}
{"level":"info","requestId":"f59dd10bd2a6bf468dd9a1349885f407","method":"GET","path":"/quotations","time":"2026-08-14T15:35:03+08:00","message":"request"}
{"level":"info","requestId":"11375df36e1c11f146bab0877afd57e5","method":"GET","path":"/estimates","time":"2026-08-14T15:35:03+08:00","message":"request"}
{"level":"info","requestId":"18abdc3be4ec803997b292285a5987eb","method":"POST","path":"/quotations","time":"2026-08-14T15:35:36+08:00","message":"request"}
{"level":"info","requestId":"b69622465e0e23e6dd3f50cc0f26c829","method":"GET","path":"/quotations","time":"2026-08-14T15:35:36+08:00","message":"request"}
{"level":"info","requestId":"e617c67e1adeaff7d393d318a23c9081","method":"GET","path":"/clients/6a7ec0705b4243c8065aa7b2","time":"2026-08-14T15:35:36+08:00","message":"request"}
{"level":"info","requestId":"c69629d14044b9412662b4d7d7704def","method":"POST","path":"/quotations/6a7ec5485b4243c8065aa7d1/finalize","time":"2026-08-14T15:35:59+08:00","message":"request"}
{"level":"info","requestId":"296638b7680b5c6cf9b0925f57d7f639","method":"GET","path":"/quotations","time":"2026-08-14T15:35:59+08:00","message":"request"}
{"level":"info","requestId":"f241a733525b423316ffeea4f5a9988f","method":"POST","path":"/quotations/6a7ec5485b4243c8065aa7d1/share","time":"2026-08-14T15:37:31+08:00","message":"request"}
{"level":"info","requestId":"73ed78b789ebcf24aac17a95176928f5","method":"GET","path":"/quotations","time":"2026-08-14T15:37:31+08:00","message":"request"}
{"level":"info","requestId":"f1b491d7a17cfe8ebd229aa38cfea99e","method":"GET","path":"/auth/me","time":"2026-08-14T15:38:37+08:00","message":"request"}
{"level":"info","requestId":"b79c5a09d4c9c15b78c6250ad118319d","method":"GET","path":"/quotations","time":"2026-08-14T15:38:37+08:00","message":"request"}
{"level":"info","requestId":"6cf8930113268fe883ba289af4614626","method":"GET","path":"/estimates","time":"2026-08-14T15:38:37+08:00","message":"request"}
{"level":"info","requestId":"44664847dfa5e0ed5f80ca7e0df05dd5","method":"GET","path":"/clients/6a7ec0705b4243c8065aa7b2","time":"2026-08-14T15:38:37+08:00","message":"request"}
{"level":"info","requestId":"fbc3764123cb6d77dce8dac822c32ed3","method":"GET","path":"/auth/me","time":"2026-08-14T15:38:51+08:00","message":"request"}
{"level":"info","requestId":"9b3ccdf00a88875be6369d64cb981047","method":"GET","path":"/projects/6a7ec0b05b4243c8065aa7b3","time":"2026-08-14T15:38:51+08:00","message":"request"}
{"level":"info","requestId":"673ee781c113c6085198304f74091a9f","method":"GET","path":"/properties","time":"2026-08-14T15:38:51+08:00","message":"request"}
{"level":"info","requestId":"cd52ea3d0c38960bfd713af26cd1bcf2","method":"GET","path":"/spaces","time":"2026-08-14T15:38:51+08:00","message":"request"}
{"level":"info","requestId":"9658a508448150b3c7decadd8295d99c","method":"GET","path":"/work-items","time":"2026-08-14T15:38:51+08:00","message":"request"}
{"level":"info","requestId":"5ed3682e81c93d7d544cf17771be7015","method":"GET","path":"/cost-items","time":"2026-08-14T15:38:51+08:00","message":"request"}
{"level":"info","requestId":"22086a7303299682e7cbb714bb60b0e7","method":"GET","path":"/estimates","time":"2026-08-14T15:38:51+08:00","message":"request"}
{"level":"info","requestId":"930cfde46f226b189bf45362a2686749","method":"GET","path":"/quotations","time":"2026-08-14T15:38:51+08:00","message":"request"}
{"level":"info","requestId":"266da96f0adfc01b73fb357aabf61ebe","method":"GET","path":"/rfqs","time":"2026-08-14T15:38:51+08:00","message":"request"}
{"level":"info","requestId":"bd5fbc93cbd54c8c8e2762ebb35ba9f6","method":"GET","path":"/clients/6a7ec0705b4243c8065aa7b2","time":"2026-08-14T15:38:51+08:00","message":"request"}
{"level":"info","requestId":"d49b6222edf321a7e54be22a07b1f545","method":"GET","path":"/quotations/6a7ec5485b4243c8065aa7d1/share","time":"2026-08-14T15:38:51+08:00","message":"request"}
{"level":"info","requestId":"c5c980e8e161d3cefaa315cbe7d55b2b","method":"GET","path":"/auth/me","time":"2026-08-14T15:39:05+08:00","message":"request"}
{"level":"info","requestId":"db0de7c0c21b4ae2062be7e309471432","method":"GET","path":"/rfqs","time":"2026-08-14T15:39:05+08:00","message":"request"}
{"level":"info","requestId":"627e8ca00d8f8b8bd31e0ae012af6a46","method":"GET","path":"/material-requirements","time":"2026-08-14T15:39:05+08:00","message":"request"}
{"level":"info","requestId":"754c333516522bf310531cf405ce5422","method":"GET","path":"/materials","time":"2026-08-14T15:39:05+08:00","message":"request"}
{"level":"info","requestId":"57543326aab8ff741c9339538729f763","method":"GET","path":"/suppliers","time":"2026-08-14T15:39:05+08:00","message":"request"}
{"level":"info","requestId":"f6d6d54fa2a2f0177e936db9388402ea","method":"GET","path":"/work-items","time":"2026-08-14T15:39:05+08:00","message":"request"}
{"level":"info","requestId":"7949fe383d6561859a9cdce26c4b7807","method":"POST","path":"/projects/6a7ec0b05b4243c8065aa7b3/rfqs","time":"2026-08-14T15:40:27+08:00","message":"request"}
{"level":"info","requestId":"c620a3bab0a5e6fce777d6d6ba621e99","method":"GET","path":"/rfqs","time":"2026-08-14T15:40:27+08:00","message":"request"}
{"level":"info","requestId":"b7708b3a7556589715489756fb946479","method":"GET","path":"/material-requirements","time":"2026-08-14T15:40:27+08:00","message":"request"}
{"level":"info","requestId":"cd5b7f170a8ce136d1f616c0c58d1bdb","method":"GET","path":"/work-items","time":"2026-08-14T15:40:27+08:00","message":"request"}
{"level":"info","requestId":"0f429e15807d60075817a1ba59a80738","method":"GET","path":"/rfq-chains/6a7ec66b5b4243c8065aa7d9/invitations","time":"2026-08-14T15:40:27+08:00","message":"request"}
{"level":"info","requestId":"32eeca69fa07b090a5efa4acd6e58272","method":"POST","path":"/projects/6a7ec0b05b4243c8065aa7b3/material-requirements/generate","time":"2026-08-14T15:40:46+08:00","message":"request"}
{"level":"info","requestId":"e31a986ea2c0fd8a1676ff412a9f8207","method":"GET","path":"/rfqs","time":"2026-08-14T15:40:46+08:00","message":"request"}
{"level":"info","requestId":"1f39a3cebcca54e707af4697e4501c02","method":"GET","path":"/material-requirements","time":"2026-08-14T15:40:46+08:00","message":"request"}
{"level":"info","requestId":"745bad4f7ab6c0ec9c557c3ed429769d","method":"GET","path":"/work-items","time":"2026-08-14T15:40:46+08:00","message":"request"}
{"level":"info","requestId":"c3cc72b203499395d840d3bdd9361611","method":"POST","path":"/projects/6a7ec0b05b4243c8065aa7b3/material-requirements/generate","time":"2026-08-14T15:41:05+08:00","message":"request"}
{"level":"info","requestId":"df74fd918874a0e519456222816f8aab","method":"GET","path":"/rfqs","time":"2026-08-14T15:41:05+08:00","message":"request"}
{"level":"info","requestId":"83f02e0088063bc8f51e92bc05ec0c82","method":"GET","path":"/material-requirements","time":"2026-08-14T15:41:05+08:00","message":"request"}
{"level":"info","requestId":"c8b745221f3ac3696b41e9889c08c541","method":"GET","path":"/work-items","time":"2026-08-14T15:41:05+08:00","message":"request"}
{"level":"info","requestId":"532fab589d06be77fd15c52541ec41ee","method":"GET","path":"/auth/me","time":"2026-08-14T15:41:29+08:00","message":"request"}
{"level":"info","requestId":"7b610db281df09ac148f0b7e49e5f0eb","method":"GET","path":"/cost-items","time":"2026-08-14T15:41:29+08:00","message":"request"}
{"level":"info","requestId":"838c0bf54143daf6c1eb8242886969a4","method":"GET","path":"/work-items","time":"2026-08-14T15:41:29+08:00","message":"request"}
{"level":"info","requestId":"578c6237eaa3355228dd8f98956e7c7a","method":"GET","path":"/materials","time":"2026-08-14T15:41:29+08:00","message":"request"}
{"level":"info","requestId":"4d618ac5cb31a74b08ccabe3c6acf28c","method":"POST","path":"/cost-items","time":"2026-08-14T15:42:16+08:00","message":"request"}
{"level":"info","requestId":"c3a1421a816fc4958887c37b13c19f00","method":"GET","path":"/cost-items","time":"2026-08-14T15:42:16+08:00","message":"request"}
{"level":"info","requestId":"1eddeb09457d616fe039496da91222a4","method":"GET","path":"/auth/me","time":"2026-08-14T15:42:28+08:00","message":"request"}
{"level":"info","requestId":"8ec88b510a348c351461c36ca4f5e383","method":"GET","path":"/rfqs","time":"2026-08-14T15:42:28+08:00","message":"request"}
{"level":"info","requestId":"bc906e5be23719248fbff0977164f26d","method":"GET","path":"/material-requirements","time":"2026-08-14T15:42:28+08:00","message":"request"}
{"level":"info","requestId":"204e0cc6f76cb853e0bbc948d1d01068","method":"GET","path":"/materials","time":"2026-08-14T15:42:28+08:00","message":"request"}
{"level":"info","requestId":"5a98a27273cc1bc77ba5c86a6f738cc9","method":"GET","path":"/work-items","time":"2026-08-14T15:42:28+08:00","message":"request"}
{"level":"info","requestId":"8b28104eaef80ead38c0e425a73b8b66","method":"GET","path":"/suppliers","time":"2026-08-14T15:42:28+08:00","message":"request"}
{"level":"info","requestId":"cb1b766bf8b77170bc82c37d9db4bc5a","method":"GET","path":"/rfq-chains/6a7ec66b5b4243c8065aa7d9/invitations","time":"2026-08-14T15:42:28+08:00","message":"request"}
{"level":"info","requestId":"a2911bb9b973241e85c19ab8a969f9fe","method":"POST","path":"/projects/6a7ec0b05b4243c8065aa7b3/material-requirements/generate","time":"2026-08-14T15:42:37+08:00","message":"request"}
{"level":"info","requestId":"f80fb9c9db4f528ed45d3b7c875e41e1","method":"GET","path":"/rfqs","time":"2026-08-14T15:42:37+08:00","message":"request"}
{"level":"info","requestId":"a14b1a87ca526f25118d71bef067bee9","method":"GET","path":"/material-requirements","time":"2026-08-14T15:42:37+08:00","message":"request"}
{"level":"info","requestId":"e20963b88268a85aab010255e8290a9a","method":"GET","path":"/work-items","time":"2026-08-14T15:42:37+08:00","message":"request"}
{"level":"info","requestId":"5724e604917e4bc1b20b0fce7c63a7f5","method":"GET","path":"/material-requirements/6a7ec67e5b4243c8065aa7db/source-discrepancy","time":"2026-08-14T15:42:55+08:00","message":"request"}
{"level":"info","requestId":"c0acd78cf73000285d1133fe76913bef","method":"POST","path":"/material-requirements/6a7ec67e5b4243c8065aa7db/source-discrepancy/resolve","time":"2026-08-14T15:43:09+08:00","message":"request"}
{"level":"info","requestId":"d94518b875905305d9207e8f62623e1e","method":"GET","path":"/material-requirements","time":"2026-08-14T15:43:09+08:00","message":"request"}
{"level":"info","requestId":"3d1355c395a4bde2ea9d477b8602a2b7","method":"GET","path":"/material-requirements/6a7ec67e5b4243c8065aa7db/source-discrepancy","time":"2026-08-14T15:43:09+08:00","message":"request"}
{"level":"info","requestId":"ead4a54fe0b6033d9b6c9652c1500e54","method":"GET","path":"/auth/me","time":"2026-08-14T15:43:26+08:00","message":"request"}
{"level":"info","requestId":"a64c246e7e3d2075644372bcf114f723","method":"GET","path":"/cost-items","time":"2026-08-14T15:43:27+08:00","message":"request"}
{"level":"info","requestId":"e96bf1ea658ef0cd6523ab1a830acd72","method":"GET","path":"/work-items","time":"2026-08-14T15:43:27+08:00","message":"request"}
{"level":"info","requestId":"30ee35666b44ff67469c73a72b31e525","method":"GET","path":"/materials","time":"2026-08-14T15:43:27+08:00","message":"request"}
{"level":"info","requestId":"9d0860ed6344daecc276948815359584","method":"POST","path":"/cost-items","time":"2026-08-14T15:44:17+08:00","message":"request"}
{"level":"info","requestId":"49800605b2b430f1d4c99cbc9cb87335","method":"GET","path":"/cost-items","time":"2026-08-14T15:44:17+08:00","message":"request"}
{"level":"info","requestId":"009c238500e98201b10030d0acec1251","method":"GET","path":"/auth/me","time":"2026-08-14T15:44:23+08:00","message":"request"}
{"level":"info","requestId":"1336a571e9aeb70ddbf6cd22396a344e","method":"GET","path":"/rfqs","time":"2026-08-14T15:44:23+08:00","message":"request"}
{"level":"info","requestId":"54a171029b40168df0d63e541ea02878","method":"GET","path":"/material-requirements","time":"2026-08-14T15:44:23+08:00","message":"request"}
{"level":"info","requestId":"069c340d25276f4ed0f7fb1f2c4b1d62","method":"GET","path":"/materials","time":"2026-08-14T15:44:23+08:00","message":"request"}
{"level":"info","requestId":"8df9f62d3c72002979ddf520fb567ea9","method":"GET","path":"/suppliers","time":"2026-08-14T15:44:23+08:00","message":"request"}
{"level":"info","requestId":"3892d110266014a2e0e422d9f7efa4b9","method":"GET","path":"/work-items","time":"2026-08-14T15:44:23+08:00","message":"request"}
{"level":"info","requestId":"33a47f0775377229b1dad3792ce43a68","method":"GET","path":"/rfq-chains/6a7ec66b5b4243c8065aa7d9/invitations","time":"2026-08-14T15:44:23+08:00","message":"request"}
{"level":"info","requestId":"6494dde3b3a13a206316005e680e1804","method":"POST","path":"/projects/6a7ec0b05b4243c8065aa7b3/material-requirements/generate","time":"2026-08-14T15:44:30+08:00","message":"request"}
{"level":"info","requestId":"5941f68c5d679d5f5af79af0fccaaf55","method":"GET","path":"/rfqs","time":"2026-08-14T15:44:30+08:00","message":"request"}
{"level":"info","requestId":"a46614187cd195ea5b8e55c8a7f2dddd","method":"GET","path":"/material-requirements","time":"2026-08-14T15:44:30+08:00","message":"request"}
{"level":"info","requestId":"dee07fa84c9761c4cb1367d73acba4e3","method":"GET","path":"/work-items","time":"2026-08-14T15:44:30+08:00","message":"request"}
{"level":"info","requestId":"53a91ae21d69c50495c58c9daf3267ee","method":"GET","path":"/auth/me","time":"2026-08-14T15:44:38+08:00","message":"request"}
{"level":"info","requestId":"cb5b9482862c460aac74f5e6e8396030","method":"GET","path":"/cost-items","time":"2026-08-14T15:44:38+08:00","message":"request"}
{"level":"info","requestId":"6bbdefa4570164e600e669e8cd81ce22","method":"GET","path":"/work-items","time":"2026-08-14T15:44:38+08:00","message":"request"}
{"level":"info","requestId":"fca3acabb26841a94ebabad76b2f90e2","method":"GET","path":"/materials","time":"2026-08-14T15:44:38+08:00","message":"request"}
{"level":"info","requestId":"a20c254297245f1281727e5f1a3bdad6","method":"POST","path":"/cost-items","time":"2026-08-14T15:45:24+08:00","message":"request"}
{"level":"info","requestId":"892d638d3081a4b6c612f1cb1f2aa9d0","method":"GET","path":"/cost-items","time":"2026-08-14T15:45:24+08:00","message":"request"}
{"level":"info","requestId":"defc6b670bdea42f69abc6646b1727f7","method":"GET","path":"/auth/me","time":"2026-08-14T15:45:30+08:00","message":"request"}
{"level":"info","requestId":"ff8895ad22294b0f3922f7601e4c2bca","method":"GET","path":"/material-requirements","time":"2026-08-14T15:45:30+08:00","message":"request"}
{"level":"info","requestId":"56f159c9b46fef31431fcd02b05d247d","method":"GET","path":"/rfqs","time":"2026-08-14T15:45:30+08:00","message":"request"}
{"level":"info","requestId":"a37925a342f2aa23f841f361fae68c25","method":"GET","path":"/materials","time":"2026-08-14T15:45:30+08:00","message":"request"}
{"level":"info","requestId":"485727e6e609c738172c2a9080253478","method":"GET","path":"/suppliers","time":"2026-08-14T15:45:30+08:00","message":"request"}
{"level":"info","requestId":"76e6c51a00d32b7efba23bc0a3a8d263","method":"GET","path":"/work-items","time":"2026-08-14T15:45:30+08:00","message":"request"}
{"level":"info","requestId":"1d5793b6925fb3821e0b7a380f7b4e02","method":"GET","path":"/rfq-chains/6a7ec66b5b4243c8065aa7d9/invitations","time":"2026-08-14T15:45:30+08:00","message":"request"}
{"level":"info","requestId":"050ee88523615dede9ef4b29ae4c0076","method":"POST","path":"/projects/6a7ec0b05b4243c8065aa7b3/material-requirements/generate","time":"2026-08-14T15:45:37+08:00","message":"request"}
{"level":"info","requestId":"addd9c0a09a0049e06c9f244deb0b387","method":"GET","path":"/rfqs","time":"2026-08-14T15:45:37+08:00","message":"request"}
{"level":"info","requestId":"f392d20dc7a0df4c37d1cc13b5433a65","method":"GET","path":"/material-requirements","time":"2026-08-14T15:45:37+08:00","message":"request"}
{"level":"info","requestId":"eaf3f6d0f2476e624e34bb133da300f9","method":"GET","path":"/work-items","time":"2026-08-14T15:45:37+08:00","message":"request"}
{"level":"info","requestId":"25d330359de3293e09674ec58706c66c","method":"GET","path":"/material-requirements/6a7ec75e5b4243c8065aa7e3/source-discrepancy","time":"2026-08-14T15:45:45+08:00","message":"request"}
{"level":"info","requestId":"b54536dcdfcf4098ef643165057651a3","method":"POST","path":"/material-requirements/6a7ec75e5b4243c8065aa7e3/source-discrepancy/resolve","time":"2026-08-14T15:45:58+08:00","message":"request"}
{"level":"info","requestId":"0616b5539ba30172763db4ac02e9d402","method":"GET","path":"/material-requirements","time":"2026-08-14T15:45:58+08:00","message":"request"}
{"level":"info","requestId":"48f510a3772cca97183d71607bd08438","method":"GET","path":"/material-requirements/6a7ec75e5b4243c8065aa7e3/source-discrepancy","time":"2026-08-14T15:45:58+08:00","message":"request"}
{"level":"info","requestId":"c464da3ca08336da3b5681f3ac68172d","method":"POST","path":"/material-requirements","time":"2026-08-14T15:46:55+08:00","message":"request"}
{"level":"info","requestId":"e38ef25e8611ee91a10f7fac5fe83096","method":"GET","path":"/rfqs","time":"2026-08-14T15:46:55+08:00","message":"request"}
{"level":"info","requestId":"31b262e73c2bf7e3c1d8dbf7ba067b8d","method":"GET","path":"/material-requirements","time":"2026-08-14T15:46:55+08:00","message":"request"}
{"level":"info","requestId":"3bd77cb69567f2a533738e7608eab162","method":"GET","path":"/work-items","time":"2026-08-14T15:46:55+08:00","message":"request"}
{"level":"info","requestId":"8e3951b660446503bccc8136473b96c4","method":"GET","path":"/rfq-chains/6a7ec66b5b4243c8065aa7d9/invitations","time":"2026-08-14T15:46:55+08:00","message":"request"}
{"level":"info","requestId":"fc8d630c61fd14869fe8857289cb8bf2","method":"POST","path":"/material-requirements/6a7ec7ef5b4243c8065aa7e9/review","time":"2026-08-14T15:47:16+08:00","message":"request"}
{"level":"info","requestId":"18659bba866fdad94a3710f857ca6405","method":"POST","path":"/material-requirements/6a7ec7ef5b4243c8065aa7e9/review","time":"2026-08-14T15:47:16+08:00","message":"request"}
{"level":"info","requestId":"ffbe594c6921906859aed598842a0113","method":"GET","path":"/material-requirements","time":"2026-08-14T15:47:16+08:00","message":"request"}
{"level":"info","requestId":"63716a9690baa55ba6d39c34c72a881f","method":"POST","path":"/material-requirements/6a7ec67e5b4243c8065aa7db/review","time":"2026-08-14T15:47:43+08:00","message":"request"}
{"level":"info","requestId":"2a6f2dd014c08c38434ebd75c57c8a28","method":"GET","path":"/material-requirements","time":"2026-08-14T15:47:43+08:00","message":"request"}
{"level":"info","requestId":"d31ad9a6af89f9e34b897b462551404f","method":"POST","path":"/material-requirements/6a7ec67e5b4243c8065aa7dc/review","time":"2026-08-14T15:47:52+08:00","message":"request"}
{"level":"info","requestId":"d3dc3c7fe0e729ae514b86b61a548358","method":"GET","path":"/material-requirements","time":"2026-08-14T15:47:53+08:00","message":"request"}
{"level":"info","requestId":"dc8697303a75db0c75a6ab16a06d7f6a","method":"PATCH","path":"/rfqs/6a7ec66b5b4243c8065aa7d9","time":"2026-08-14T15:49:26+08:00","message":"request"}
{"level":"info","requestId":"cd8acd01cb5f0e61cf65ad8d778cf39b","method":"GET","path":"/rfqs","time":"2026-08-14T15:49:26+08:00","message":"request"}
{"level":"info","requestId":"31e76aa104af2a24f1b198ac4e9087ee","method":"POST","path":"/rfqs/6a7ec66b5b4243c8065aa7d9/lines","time":"2026-08-14T15:49:45+08:00","message":"request"}
{"level":"info","requestId":"9e13e60b0b5c87bd982f3f0d3d202255","method":"GET","path":"/material-requirements","time":"2026-08-14T15:49:45+08:00","message":"request"}
{"level":"info","requestId":"6a648cca0a94f84cf27132e3d0977e0b","method":"GET","path":"/rfqs","time":"2026-08-14T15:49:45+08:00","message":"request"}
{"level":"info","requestId":"3d46786bdcaad0fe1a9cf4765700a2e5","method":"POST","path":"/rfqs/6a7ec66b5b4243c8065aa7d9/lines","time":"2026-08-14T15:50:06+08:00","message":"request"}
{"level":"info","requestId":"38bf646e95b9d821cd65fa34a6d238f7","method":"GET","path":"/material-requirements","time":"2026-08-14T15:50:06+08:00","message":"request"}
{"level":"info","requestId":"11632ae559d909d8fa04b11023e6c1b8","method":"GET","path":"/rfqs","time":"2026-08-14T15:50:06+08:00","message":"request"}
{"level":"info","requestId":"86a3711e183399cbbd3fe27ac0bc9c5f","method":"POST","path":"/rfqs/6a7ec66b5b4243c8065aa7d9/lines","time":"2026-08-14T15:50:19+08:00","message":"request"}
{"level":"info","requestId":"2e6ce0e401f0ea49b05cc4d4dab64f4b","method":"GET","path":"/material-requirements","time":"2026-08-14T15:50:19+08:00","message":"request"}
{"level":"info","requestId":"2d6881cfe1ffa101af056ad8bbc8790c","method":"GET","path":"/rfqs","time":"2026-08-14T15:50:19+08:00","message":"request"}
{"level":"info","requestId":"c84923625c2ca44712d0f858e9e37011","method":"POST","path":"/rfqs/6a7ec66b5b4243c8065aa7d9/ready","time":"2026-08-14T15:50:42+08:00","message":"request"}
{"level":"info","requestId":"7c363bd5f1119d16ac79047bf1576402","method":"GET","path":"/rfqs","time":"2026-08-14T15:50:42+08:00","message":"request"}
{"level":"info","requestId":"c7662b6e914a2ff76e78137cf26d83e3","method":"GET","path":"/material-requirements","time":"2026-08-14T15:50:42+08:00","message":"request"}
{"level":"info","requestId":"082d8e496bbeb6570d38a5a081b78355","method":"GET","path":"/work-items","time":"2026-08-14T15:50:42+08:00","message":"request"}
{"level":"info","requestId":"69ac4af1df1f5310a3f5d90667942684","method":"GET","path":"/rfq-chains/6a7ec66b5b4243c8065aa7d9/invitations","time":"2026-08-14T15:50:42+08:00","message":"request"}
{"level":"info","requestId":"f8c4ab6b8ba52169906369185a34b4d1","method":"GET","path":"/rfq-chains/6a7ec66b5b4243c8065aa7d9/versions","time":"2026-08-14T15:50:42+08:00","message":"request"}
{"level":"info","requestId":"7dd6b0d465ab8fe44e3336d242b6a7a7","method":"POST","path":"/rfqs/6a7ec66b5b4243c8065aa7d9/reopen","time":"2026-08-14T15:50:51+08:00","message":"request"}
{"level":"info","requestId":"73408cb662033e138a76d228236b50af","method":"GET","path":"/rfqs","time":"2026-08-14T15:50:51+08:00","message":"request"}
{"level":"info","requestId":"cc5edd34eb1ae2ed6a35ea777c5fded6","method":"GET","path":"/material-requirements","time":"2026-08-14T15:50:51+08:00","message":"request"}
{"level":"info","requestId":"c9555ad8a6b8c7bfd52cf6b90041959d","method":"GET","path":"/work-items","time":"2026-08-14T15:50:51+08:00","message":"request"}
{"level":"info","requestId":"7281219d4de2645d798bd1c5d022b823","method":"GET","path":"/rfq-chains/6a7ec66b5b4243c8065aa7d9/versions","time":"2026-08-14T15:50:51+08:00","message":"request"}
{"level":"info","requestId":"cad6f206c60735eb308597458609ab27","method":"GET","path":"/rfq-chains/6a7ec66b5b4243c8065aa7d9/invitations","time":"2026-08-14T15:50:51+08:00","message":"request"}
{"level":"info","requestId":"59c4f5f77a7283783ad58829589d72c3","method":"PATCH","path":"/rfqs/6a7ec66b5b4243c8065aa7d9","time":"2026-08-14T15:52:05+08:00","message":"request"}
{"level":"info","requestId":"6a3d494fbac9077dd24f33b8c4f0f431","method":"GET","path":"/rfqs","time":"2026-08-14T15:52:05+08:00","message":"request"}
{"level":"info","requestId":"0aab45d7b8c9b7debe41e9e1102323d3","method":"POST","path":"/rfqs/6a7ec66b5b4243c8065aa7d9/ready","time":"2026-08-14T15:52:19+08:00","message":"request"}
{"level":"info","requestId":"b389157e5f546862c92ccfdcddb7a4b9","method":"GET","path":"/rfqs","time":"2026-08-14T15:52:19+08:00","message":"request"}
{"level":"info","requestId":"30608769e2b8c21db2691450d08bc61f","method":"GET","path":"/material-requirements","time":"2026-08-14T15:52:19+08:00","message":"request"}
{"level":"info","requestId":"c77d01cd11e943a4cbfd7e4ce8e204c9","method":"GET","path":"/work-items","time":"2026-08-14T15:52:19+08:00","message":"request"}
{"level":"info","requestId":"e5b2194c971e1f4e8a3dab4b3918bd72","method":"GET","path":"/rfq-chains/6a7ec66b5b4243c8065aa7d9/invitations","time":"2026-08-14T15:52:19+08:00","message":"request"}
{"level":"info","requestId":"c22b51f6d3f3d3c83d40429ad4ba3acb","method":"GET","path":"/rfq-chains/6a7ec66b5b4243c8065aa7d9/versions","time":"2026-08-14T15:52:19+08:00","message":"request"}
{"level":"info","requestId":"5ed614db1a247952383f0952a52a4eca","method":"POST","path":"/rfq-chains/6a7ec66b5b4243c8065aa7d9/issue","time":"2026-08-14T15:52:27+08:00","message":"request"}
{"level":"info","requestId":"e9396a17bfa42785503b22d7e4b86ef7","method":"GET","path":"/rfqs","time":"2026-08-14T15:52:27+08:00","message":"request"}
{"level":"info","requestId":"4a3421b276d9d5bb8f439143b8a6b96e","method":"GET","path":"/material-requirements","time":"2026-08-14T15:52:27+08:00","message":"request"}
{"level":"info","requestId":"ec346e50340ae5b8ea08b6a1fbaa4b98","method":"GET","path":"/work-items","time":"2026-08-14T15:52:27+08:00","message":"request"}
{"level":"info","requestId":"8d911fb160de9aa5d208e231188658b7","method":"GET","path":"/rfq-chains/6a7ec66b5b4243c8065aa7d9/versions","time":"2026-08-14T15:52:27+08:00","message":"request"}
{"level":"info","requestId":"447f29fbd839c8cb31ab101ae8b069ab","method":"GET","path":"/rfq-chains/6a7ec66b5b4243c8065aa7d9/invitations","time":"2026-08-14T15:52:27+08:00","message":"request"}
{"level":"info","requestId":"eaadbcff891f0f581348b2b4b5a294bd","method":"GET","path":"/rfq-chains/6a7ec66b5b4243c8065aa7d9/issued-versions/6a7ec93b5b4243c8065aa7ff/comparison","time":"2026-08-14T15:52:28+08:00","message":"request"}
{"level":"info","requestId":"954e42820b5dbc1b91e67b3d3f564c60","method":"GET","path":"/rfq-chains/6a7ec66b5b4243c8065aa7d9/issued-versions/6a7ec93b5b4243c8065aa7ff/award-revisions","time":"2026-08-14T15:52:28+08:00","message":"request"}
{"level":"info","requestId":"eacf7dfc13b53a5b63a6801b7cb14681","method":"GET","path":"/auth/me","time":"2026-08-14T15:52:55+08:00","message":"request"}
{"level":"info","requestId":"00ad2bbd756e1695df287652761fa5c5","method":"GET","path":"/suppliers","time":"2026-08-14T15:52:55+08:00","message":"request"}
{"level":"info","requestId":"6e30ce3ee822bc991e0d1d59580f1aaa","method":"POST","path":"/suppliers","time":"2026-08-14T15:53:16+08:00","message":"request"}
{"level":"info","requestId":"b6718d7e27878994b1eabef8072bf9d8","method":"GET","path":"/suppliers","time":"2026-08-14T15:53:16+08:00","message":"request"}
{"level":"info","requestId":"f425bf783a3b470e94ffaeb8bb9a3e87","method":"POST","path":"/suppliers","time":"2026-08-14T15:53:49+08:00","message":"request"}
{"level":"info","requestId":"1bb025c89a0482d5d04ddafb96a11096","method":"GET","path":"/suppliers","time":"2026-08-14T15:53:49+08:00","message":"request"}
{"level":"info","requestId":"d751edaaff4e1a297afd36d830e33efd","method":"GET","path":"/auth/me","time":"2026-08-14T15:54:06+08:00","message":"request"}
{"level":"info","requestId":"ee1f8cd0e1cb57bd615e6bf693f67275","method":"GET","path":"/rfqs","time":"2026-08-14T15:54:06+08:00","message":"request"}
{"level":"info","requestId":"cbbe528027c77cee213e91b96cf541d1","method":"GET","path":"/material-requirements","time":"2026-08-14T15:54:06+08:00","message":"request"}
{"level":"info","requestId":"392ffb289723335647a7c157fbd58af3","method":"GET","path":"/materials","time":"2026-08-14T15:54:06+08:00","message":"request"}
{"level":"info","requestId":"1a42e38935afa65ea5ef21c1a86341ba","method":"GET","path":"/work-items","time":"2026-08-14T15:54:06+08:00","message":"request"}
{"level":"info","requestId":"ffc913ba5c21227908e6d8ce6e73759a","method":"GET","path":"/suppliers","time":"2026-08-14T15:54:06+08:00","message":"request"}
{"level":"info","requestId":"197f3a7526df22b49ae068cfecf6751f","method":"GET","path":"/rfq-chains/6a7ec66b5b4243c8065aa7d9/versions","time":"2026-08-14T15:54:06+08:00","message":"request"}
{"level":"info","requestId":"8d038f3d9f740e660fa82a974511f574","method":"GET","path":"/rfq-chains/6a7ec66b5b4243c8065aa7d9/invitations","time":"2026-08-14T15:54:06+08:00","message":"request"}
{"level":"info","requestId":"c166dfc25cf36c29752d4f89fd473e1e","method":"GET","path":"/rfq-chains/6a7ec66b5b4243c8065aa7d9/issued-versions/6a7ec93b5b4243c8065aa7ff/comparison","time":"2026-08-14T15:54:06+08:00","message":"request"}
{"level":"info","requestId":"83ee7a18a04e62e36b68d006ecf632c1","method":"GET","path":"/rfq-chains/6a7ec66b5b4243c8065aa7d9/issued-versions/6a7ec93b5b4243c8065aa7ff/award-revisions","time":"2026-08-14T15:54:06+08:00","message":"request"}
{"level":"info","requestId":"f3b6a5c8c46dfb6d89c2972677bc856b","method":"POST","path":"/rfq-chains/6a7ec66b5b4243c8065aa7d9/invitations","time":"2026-08-14T15:55:36+08:00","message":"request"}
{"level":"info","requestId":"69afc48b2a727e1e509778e06a3922a8","method":"GET","path":"/rfqs","time":"2026-08-14T15:55:36+08:00","message":"request"}
{"level":"info","requestId":"715a8d4004beb02466e2f19654b09187","method":"GET","path":"/material-requirements","time":"2026-08-14T15:55:36+08:00","message":"request"}
{"level":"info","requestId":"746646adbaa2afcd48b637a2b062c0ff","method":"GET","path":"/work-items","time":"2026-08-14T15:55:36+08:00","message":"request"}
{"level":"info","requestId":"d037630a19506479578ec981631d5e80","method":"GET","path":"/rfq-chains/6a7ec66b5b4243c8065aa7d9/versions","time":"2026-08-14T15:55:36+08:00","message":"request"}
{"level":"info","requestId":"221c6974b17e077fb43a27bbf9cb3e9c","method":"GET","path":"/rfq-chains/6a7ec66b5b4243c8065aa7d9/invitations","time":"2026-08-14T15:55:36+08:00","message":"request"}
{"level":"info","requestId":"37c109db4da2088fa8eea5f98ad9e620","method":"GET","path":"/rfq-chains/6a7ec66b5b4243c8065aa7d9/issued-versions/6a7ec93b5b4243c8065aa7ff/comparison","time":"2026-08-14T15:55:36+08:00","message":"request"}
{"level":"info","requestId":"45586c8cc3e5879531258a8ab9f67121","method":"GET","path":"/rfq-chains/6a7ec66b5b4243c8065aa7d9/issued-versions/6a7ec93b5b4243c8065aa7ff/award-revisions","time":"2026-08-14T15:55:36+08:00","message":"request"}
{"level":"info","requestId":"e172330da5fb50ee0918cb9283bf3dec","method":"POST","path":"/rfq-chains/6a7ec66b5b4243c8065aa7d9/invitations","time":"2026-08-14T15:56:12+08:00","message":"request"}
{"level":"info","requestId":"fc249388c7713344123bc64fafac2287","method":"GET","path":"/rfqs","time":"2026-08-14T15:56:12+08:00","message":"request"}
{"level":"info","requestId":"d6ec81ecc9624eb758544bfe9947ab72","method":"GET","path":"/material-requirements","time":"2026-08-14T15:56:12+08:00","message":"request"}
{"level":"info","requestId":"a8cb9fe9c6aa63daa3fc0c8fde9e738d","method":"GET","path":"/work-items","time":"2026-08-14T15:56:12+08:00","message":"request"}
{"level":"info","requestId":"273b5638daad058360bbe9d58a5c2917","method":"GET","path":"/rfq-chains/6a7ec66b5b4243c8065aa7d9/versions","time":"2026-08-14T15:56:12+08:00","message":"request"}
{"level":"info","requestId":"47668a622b1b6f17d159e32b12bbf8b9","method":"GET","path":"/rfq-chains/6a7ec66b5b4243c8065aa7d9/invitations","time":"2026-08-14T15:56:12+08:00","message":"request"}
{"level":"info","requestId":"fa31e9841a2e875f244a3a4534582b8c","method":"GET","path":"/rfq-chains/6a7ec66b5b4243c8065aa7d9/issued-versions/6a7ec93b5b4243c8065aa7ff/award-revisions","time":"2026-08-14T15:56:12+08:00","message":"request"}
{"level":"info","requestId":"ed4ae2b1980095d314dbf10c9f42afa1","method":"GET","path":"/rfq-chains/6a7ec66b5b4243c8065aa7d9/issued-versions/6a7ec93b5b4243c8065aa7ff/comparison","time":"2026-08-14T15:56:12+08:00","message":"request"}
{"level":"info","requestId":"a38e64b5fb5768a536821d51c5cd3740","method":"POST","path":"/rfq-chains/6a7ec66b5b4243c8065aa7d9/invitations/6a7ec9f85b4243c8065aa805/send","time":"2026-08-14T15:56:32+08:00","message":"request"}
{"level":"info","requestId":"78e43ba6dcdeeb3208aa547107a83ab2","method":"GET","path":"/rfqs","time":"2026-08-14T15:56:33+08:00","message":"request"}
{"level":"info","requestId":"c13fd6302f3297a75173d84570d8b712","method":"GET","path":"/material-requirements","time":"2026-08-14T15:56:33+08:00","message":"request"}
{"level":"info","requestId":"f07a838405f9f57efe763d6daf2f95b8","method":"GET","path":"/work-items","time":"2026-08-14T15:56:33+08:00","message":"request"}
{"level":"info","requestId":"ab92e598c5de90779c779ade476f3a21","method":"GET","path":"/rfq-chains/6a7ec66b5b4243c8065aa7d9/versions","time":"2026-08-14T15:56:33+08:00","message":"request"}
{"level":"info","requestId":"e4af696640db8306aef71fbe63784b5d","method":"GET","path":"/rfq-chains/6a7ec66b5b4243c8065aa7d9/invitations","time":"2026-08-14T15:56:33+08:00","message":"request"}
{"level":"info","requestId":"241d11b7b89868dff99dad635f5d1664","method":"GET","path":"/rfq-chains/6a7ec66b5b4243c8065aa7d9/issued-versions/6a7ec93b5b4243c8065aa7ff/comparison","time":"2026-08-14T15:56:33+08:00","message":"request"}
{"level":"info","requestId":"ea35a3f6f72c04cd24e996e585e5231a","method":"GET","path":"/rfq-chains/6a7ec66b5b4243c8065aa7d9/issued-versions/6a7ec93b5b4243c8065aa7ff/award-revisions","time":"2026-08-14T15:56:33+08:00","message":"request"}
{"level":"info","requestId":"70cb247e42f66207ad6886a3bc2457ce","method":"POST","path":"/rfq-chains/6a7ec66b5b4243c8065aa7d9/invitations/6a7eca1c5b4243c8065aa807/send","time":"2026-08-14T15:56:48+08:00","message":"request"}
{"level":"info","requestId":"6b19dcdf16a4d21657cbf4351c324ea5","method":"GET","path":"/rfqs","time":"2026-08-14T15:56:48+08:00","message":"request"}
{"level":"info","requestId":"f64e1f348cf48389aaa7ba80ae4e4a07","method":"GET","path":"/material-requirements","time":"2026-08-14T15:56:48+08:00","message":"request"}
{"level":"info","requestId":"aa4a6ab5eaee7e81291360b4b8aca205","method":"GET","path":"/work-items","time":"2026-08-14T15:56:48+08:00","message":"request"}
{"level":"info","requestId":"2f9d9170666092556b7db0762e4fa1c6","method":"GET","path":"/rfq-chains/6a7ec66b5b4243c8065aa7d9/versions","time":"2026-08-14T15:56:48+08:00","message":"request"}
{"level":"info","requestId":"43282620e98e876cc1ab6d33d68c4a7c","method":"GET","path":"/rfq-chains/6a7ec66b5b4243c8065aa7d9/invitations","time":"2026-08-14T15:56:48+08:00","message":"request"}
{"level":"info","requestId":"ed39ad3d17394db34dc967bb89b6a8ea","method":"GET","path":"/rfq-chains/6a7ec66b5b4243c8065aa7d9/issued-versions/6a7ec93b5b4243c8065aa7ff/comparison","time":"2026-08-14T15:56:48+08:00","message":"request"}
{"level":"info","requestId":"44c1289f20535f55ae14fabdadabb9a2","method":"GET","path":"/rfq-chains/6a7ec66b5b4243c8065aa7d9/issued-versions/6a7ec93b5b4243c8065aa7ff/award-revisions","time":"2026-08-14T15:56:48+08:00","message":"request"}
{"level":"info","requestId":"48b11e9e676eec80980cadf05349ef28","method":"GET","path":"/auth/me","time":"2026-08-14T16:02:44+08:00","message":"request"}
{"level":"info","requestId":"343c29b6b3ea824d4b7bfa83a4f04a0d","method":"GET","path":"/rfqs","time":"2026-08-14T16:02:44+08:00","message":"request"}
{"level":"info","requestId":"110715f56fd621a8425fd83d8e12b400","method":"GET","path":"/material-requirements","time":"2026-08-14T16:02:44+08:00","message":"request"}
{"level":"info","requestId":"15203ff617905a32fad849f339ef2bea","method":"GET","path":"/materials","time":"2026-08-14T16:02:44+08:00","message":"request"}
{"level":"info","requestId":"5041b40ab5d12fde360f77c754e76d80","method":"GET","path":"/suppliers","time":"2026-08-14T16:02:44+08:00","message":"request"}
{"level":"info","requestId":"96e4da58a3a811148ff744567b65f54d","method":"GET","path":"/work-items","time":"2026-08-14T16:02:44+08:00","message":"request"}
{"level":"info","requestId":"774c5c37d6676b3f705e366c228639f8","method":"GET","path":"/rfq-chains/6a7ec66b5b4243c8065aa7d9/versions","time":"2026-08-14T16:02:44+08:00","message":"request"}
{"level":"info","requestId":"a428f0014cbe88cf5384a731de432285","method":"GET","path":"/rfq-chains/6a7ec66b5b4243c8065aa7d9/invitations","time":"2026-08-14T16:02:44+08:00","message":"request"}
{"level":"info","requestId":"205724fc589dc6ff85ea601dca33f91c","method":"GET","path":"/rfq-chains/6a7ec66b5b4243c8065aa7d9/issued-versions/6a7ec93b5b4243c8065aa7ff/comparison","time":"2026-08-14T16:02:44+08:00","message":"request"}
{"level":"info","requestId":"4a59d1b85841f7292ca735099a9a6302","method":"GET","path":"/rfq-chains/6a7ec66b5b4243c8065aa7d9/issued-versions/6a7ec93b5b4243c8065aa7ff/award-revisions","time":"2026-08-14T16:02:44+08:00","message":"request"}
{"level":"info","requestId":"7614ddc6a714a39793afec94a556f2dd","method":"POST","path":"/rfq-chains/6a7ec66b5b4243c8065aa7d9/issued-versions/6a7ec93b5b4243c8065aa7ff/award-draft","time":"2026-08-14T16:03:02+08:00","message":"request"}
{"level":"info","requestId":"16248396e0371b5fb94892aba513d272","method":"PUT","path":"/rfq-chains/6a7ec66b5b4243c8065aa7d9/issued-versions/6a7ec93b5b4243c8065aa7ff/award-draft/lines/6a7ec93b5b4243c8065aa7f9/selection","time":"2026-08-14T16:03:02+08:00","message":"request"}
{"level":"info","requestId":"fa8c678423125f7b991624ceb74e2259","method":"GET","path":"/rfqs","time":"2026-08-14T16:03:02+08:00","message":"request"}
{"level":"info","requestId":"7429ece19c3b087d661e400162617dbd","method":"GET","path":"/material-requirements","time":"2026-08-14T16:03:02+08:00","message":"request"}
{"level":"info","requestId":"e1a38b1041d5a59486de4c1cc75c8d13","method":"GET","path":"/work-items","time":"2026-08-14T16:03:02+08:00","message":"request"}
{"level":"info","requestId":"126865e505f85f2680815d8d881b72b4","method":"GET","path":"/rfq-chains/6a7ec66b5b4243c8065aa7d9/versions","time":"2026-08-14T16:03:02+08:00","message":"request"}
{"level":"info","requestId":"e2f42b0434bcd7242d6c6f8a85a6338e","method":"GET","path":"/rfq-chains/6a7ec66b5b4243c8065aa7d9/invitations","time":"2026-08-14T16:03:02+08:00","message":"request"}
{"level":"info","requestId":"90a9c2683b05ca0682de1609a3bb2364","method":"GET","path":"/rfq-chains/6a7ec66b5b4243c8065aa7d9/issued-versions/6a7ec93b5b4243c8065aa7ff/comparison","time":"2026-08-14T16:03:02+08:00","message":"request"}
{"level":"info","requestId":"36aeb5a98d0cdefc92eba71ba8726232","method":"GET","path":"/rfq-chains/6a7ec66b5b4243c8065aa7d9/issued-versions/6a7ec93b5b4243c8065aa7ff/award-revisions","time":"2026-08-14T16:03:02+08:00","message":"request"}
{"level":"info","requestId":"5e049e350a5922975b83e1b217d809c9","method":"PUT","path":"/rfq-chains/6a7ec66b5b4243c8065aa7d9/issued-versions/6a7ec93b5b4243c8065aa7ff/award-draft/lines/6a7ec93b5b4243c8065aa7fb/selection","time":"2026-08-14T16:03:10+08:00","message":"request"}
{"level":"info","requestId":"bbd20cea7c142f8fbf8d0b95c92b42e1","method":"GET","path":"/rfqs","time":"2026-08-14T16:03:10+08:00","message":"request"}
{"level":"info","requestId":"ed2ac62698f71cd08dc5a053383282b5","method":"GET","path":"/material-requirements","time":"2026-08-14T16:03:10+08:00","message":"request"}
{"level":"info","requestId":"e060dd45da3e9564524564b36ca95436","method":"GET","path":"/work-items","time":"2026-08-14T16:03:10+08:00","message":"request"}
{"level":"info","requestId":"27072304a08ec68ab0c8d3030f1f39cf","method":"GET","path":"/rfq-chains/6a7ec66b5b4243c8065aa7d9/versions","time":"2026-08-14T16:03:10+08:00","message":"request"}
{"level":"info","requestId":"5c862267b5731012dfc2f7dfe0f2329f","method":"GET","path":"/rfq-chains/6a7ec66b5b4243c8065aa7d9/invitations","time":"2026-08-14T16:03:10+08:00","message":"request"}
{"level":"info","requestId":"1ab2ffffc2c6c0388c007f809b2d2a4a","method":"GET","path":"/rfq-chains/6a7ec66b5b4243c8065aa7d9/issued-versions/6a7ec93b5b4243c8065aa7ff/comparison","time":"2026-08-14T16:03:10+08:00","message":"request"}
{"level":"info","requestId":"77f62a5d3b17c0e0bee9b2415114b6dc","method":"GET","path":"/rfq-chains/6a7ec66b5b4243c8065aa7d9/issued-versions/6a7ec93b5b4243c8065aa7ff/award-revisions","time":"2026-08-14T16:03:10+08:00","message":"request"}
{"level":"info","requestId":"45ce55bb582b9e484e30ee9311731010","method":"PUT","path":"/rfq-chains/6a7ec66b5b4243c8065aa7d9/issued-versions/6a7ec93b5b4243c8065aa7ff/award-draft/lines/6a7ec93b5b4243c8065aa7fd/selection","time":"2026-08-14T16:03:13+08:00","message":"request"}
{"level":"info","requestId":"3a853fcc7fe042e7a4b1f75bdae76de5","method":"GET","path":"/rfqs","time":"2026-08-14T16:03:13+08:00","message":"request"}
{"level":"info","requestId":"c52e410e8248ab431eee198b9cb3cc64","method":"GET","path":"/material-requirements","time":"2026-08-14T16:03:13+08:00","message":"request"}
{"level":"info","requestId":"d73bb214b85b549a4bd85fbb228c1afb","method":"GET","path":"/work-items","time":"2026-08-14T16:03:13+08:00","message":"request"}
{"level":"info","requestId":"955b86402a84f2dc4f587897bec86543","method":"GET","path":"/rfq-chains/6a7ec66b5b4243c8065aa7d9/versions","time":"2026-08-14T16:03:13+08:00","message":"request"}
{"level":"info","requestId":"b9baa0412051b6575dd7012f8b5290a3","method":"GET","path":"/rfq-chains/6a7ec66b5b4243c8065aa7d9/invitations","time":"2026-08-14T16:03:13+08:00","message":"request"}
{"level":"info","requestId":"3f792c1a83f0e0f1716917f5b2be63cd","method":"GET","path":"/rfq-chains/6a7ec66b5b4243c8065aa7d9/issued-versions/6a7ec93b5b4243c8065aa7ff/comparison","time":"2026-08-14T16:03:13+08:00","message":"request"}
{"level":"info","requestId":"276ad16b4dbcb5788e8fa50bc56f70cb","method":"GET","path":"/rfq-chains/6a7ec66b5b4243c8065aa7d9/issued-versions/6a7ec93b5b4243c8065aa7ff/award-revisions","time":"2026-08-14T16:03:13+08:00","message":"request"}
{"level":"info","requestId":"fc66975806894e6b80c861925c57afee","method":"POST","path":"/rfq-chains/6a7ec66b5b4243c8065aa7d9/issued-versions/6a7ec93b5b4243c8065aa7ff/award-revisions","time":"2026-08-14T16:03:25+08:00","message":"request"}
{"level":"info","requestId":"1407c2bb959db3551f771ceff9135e3c","method":"GET","path":"/rfqs","time":"2026-08-14T16:03:25+08:00","message":"request"}
{"level":"info","requestId":"6376eb29c50f9b234330b4ff1e8bc912","method":"GET","path":"/material-requirements","time":"2026-08-14T16:03:25+08:00","message":"request"}
{"level":"info","requestId":"d48edfe4b1be028ea698d2608fc311a1","method":"GET","path":"/work-items","time":"2026-08-14T16:03:25+08:00","message":"request"}
{"level":"info","requestId":"c821c798f2d39c8c73bd70de5c1e5b9f","method":"GET","path":"/rfq-chains/6a7ec66b5b4243c8065aa7d9/versions","time":"2026-08-14T16:03:25+08:00","message":"request"}
{"level":"info","requestId":"0ae97d61120c121e27dd39a972a7f1ef","method":"GET","path":"/rfq-chains/6a7ec66b5b4243c8065aa7d9/invitations","time":"2026-08-14T16:03:25+08:00","message":"request"}
{"level":"info","requestId":"4eab0c5192e334c585587c88c37a123f","method":"GET","path":"/rfq-chains/6a7ec66b5b4243c8065aa7d9/issued-versions/6a7ec93b5b4243c8065aa7ff/comparison","time":"2026-08-14T16:03:25+08:00","message":"request"}
{"level":"info","requestId":"0cc352a635e19b470a0ab6b400c78bec","method":"GET","path":"/rfq-chains/6a7ec66b5b4243c8065aa7d9/issued-versions/6a7ec93b5b4243c8065aa7ff/award-revisions","time":"2026-08-14T16:03:25+08:00","message":"request"}
{"level":"info","requestId":"f7428d4c5a6c7681171ba80fdf7a6af0","method":"GET","path":"/auth/me","time":"2026-08-14T16:04:01+08:00","message":"request"}
{"level":"info","requestId":"fe021c693085ee8912a265d80f935de8","method":"GET","path":"/projects/6a7ec0b05b4243c8065aa7b3","time":"2026-08-14T16:04:01+08:00","message":"request"}
{"level":"info","requestId":"3048dd3458597f16dd0e5b7d1c750a18","method":"GET","path":"/properties","time":"2026-08-14T16:04:01+08:00","message":"request"}
{"level":"info","requestId":"944b0a15b5212076ba39c0ee811a3e4c","method":"GET","path":"/spaces","time":"2026-08-14T16:04:01+08:00","message":"request"}
{"level":"info","requestId":"ebb040ceaf9fcf5f3956b2a82c57d2af","method":"GET","path":"/work-items","time":"2026-08-14T16:04:01+08:00","message":"request"}
{"level":"info","requestId":"ac3b59e0d7d26979900337a9110e8ec8","method":"GET","path":"/estimates","time":"2026-08-14T16:04:01+08:00","message":"request"}
{"level":"info","requestId":"ff3fc5e0a3bfbdabf4b858d242256291","method":"GET","path":"/cost-items","time":"2026-08-14T16:04:01+08:00","message":"request"}
{"level":"info","requestId":"03c7c8b0a554feddf1ebd05a2c231008","method":"GET","path":"/quotations","time":"2026-08-14T16:04:01+08:00","message":"request"}
{"level":"info","requestId":"939b1aae49e30c6c1b9a15feb11afe10","method":"GET","path":"/rfqs","time":"2026-08-14T16:04:01+08:00","message":"request"}
{"level":"info","requestId":"ec5b958eebe961ec9682c0302c8e9e5b","method":"GET","path":"/rfq-chains/6a7ec66b5b4243c8065aa7d9/versions","time":"2026-08-14T16:04:01+08:00","message":"request"}
{"level":"info","requestId":"570a4a7368a614ef9f89d0740e7a0587","method":"GET","path":"/clients/6a7ec0705b4243c8065aa7b2","time":"2026-08-14T16:04:01+08:00","message":"request"}
{"level":"info","requestId":"6203fe57f4bce85b30cd17e8bde22fe6","method":"GET","path":"/quotations/6a7ec5485b4243c8065aa7d1/share","time":"2026-08-14T16:04:01+08:00","message":"request"}
{"level":"info","requestId":"9f50291333c2c7429d8660c70b89b171","method":"GET","path":"/rfq-chains/6a7ec66b5b4243c8065aa7d9/invitations","time":"2026-08-14T16:04:01+08:00","message":"request"}
{"level":"info","requestId":"f80028a60a7674d88a2817d72f6a49fc","method":"GET","path":"/rfq-chains/6a7ec66b5b4243c8065aa7d9/issued-versions/6a7ec93b5b4243c8065aa7ff/comparison","time":"2026-08-14T16:04:01+08:00","message":"request"}
{"level":"info","requestId":"3e24a197c2550aa5444d22bd3e8873d6","method":"GET","path":"/rfq-chains/6a7ec66b5b4243c8065aa7d9/issued-versions/6a7ec93b5b4243c8065aa7ff/award-revisions","time":"2026-08-14T16:04:01+08:00","message":"request"}
{"level":"info","requestId":"9423114aacba1982d275be4c2143e306","method":"GET","path":"/auth/me","time":"2026-08-14T16:04:36+08:00","message":"request"}
{"level":"info","requestId":"aec936e0a8fb2cf30567237208d1ea41","method":"GET","path":"/projects","time":"2026-08-14T16:04:36+08:00","message":"request"}
{"level":"info","requestId":"9a6a676703110b236728fa76a0bfce02","method":"GET","path":"/clients","time":"2026-08-14T16:04:36+08:00","message":"request"}
{"level":"info","requestId":"e5051da257499fb72802186de9a2a7cc","method":"GET","path":"/auth/me","time":"2026-08-14T16:04:55+08:00","message":"request"}
{"level":"info","requestId":"f4fe2e7496de10730c08592f50400b95","method":"GET","path":"/projects/6a7ec0b05b4243c8065aa7b3","time":"2026-08-14T16:04:55+08:00","message":"request"}
{"level":"info","requestId":"9089d9934cb22cb108c701c2d1beba0b","method":"GET","path":"/properties","time":"2026-08-14T16:04:55+08:00","message":"request"}
{"level":"info","requestId":"b9d172cb2ff908a37c9a9382aa643076","method":"GET","path":"/spaces","time":"2026-08-14T16:04:55+08:00","message":"request"}
{"level":"info","requestId":"86088b92b44548ce460724fb129cd99f","method":"GET","path":"/work-items","time":"2026-08-14T16:04:55+08:00","message":"request"}
{"level":"info","requestId":"1bd7d3a8c8ca2fe53e54ec8c65ee49af","method":"GET","path":"/cost-items","time":"2026-08-14T16:04:55+08:00","message":"request"}
{"level":"info","requestId":"e29841e931cab21bf24a8cffd3108e2c","method":"GET","path":"/estimates","time":"2026-08-14T16:04:55+08:00","message":"request"}
{"level":"info","requestId":"2ef1a89ef72eeff84032cef2a23b589a","method":"GET","path":"/quotations","time":"2026-08-14T16:04:55+08:00","message":"request"}
{"level":"info","requestId":"0dff0ad986e85ff47980a91243890fb2","method":"GET","path":"/rfqs","time":"2026-08-14T16:04:55+08:00","message":"request"}
{"level":"info","requestId":"157417a8e290a9308778504e8814cbab","method":"GET","path":"/auth/me","time":"2026-08-14T16:05:20+08:00","message":"request"}
{"level":"info","requestId":"776a84adcc6af15ef2e7b7a44db9452f","method":"GET","path":"/clients/6a7ec0705b4243c8065aa7b2","time":"2026-08-14T16:05:20+08:00","message":"request"}
{"level":"info","requestId":"d79970363871824d34cd64a4fc381d4a","method":"GET","path":"/projects","time":"2026-08-14T16:05:20+08:00","message":"request"}
{"level":"info","requestId":"09397f17b99ba3bf11b48a08f5350242","method":"GET","path":"/auth/me","time":"2026-08-14T16:05:41+08:00","message":"request"}
{"level":"info","requestId":"86838a9fe769455c763375db79a08d33","method":"GET","path":"/projects","time":"2026-08-14T16:05:42+08:00","message":"request"}
{"level":"info","requestId":"6020d1cc193dde0c341ccf0ef2f75e0e","method":"GET","path":"/clients","time":"2026-08-14T16:05:42+08:00","message":"request"}
{"level":"info","requestId":"f39b0ff3a95217d848271266aac5b746","method":"GET","path":"/cost-items","time":"2026-08-14T16:05:42+08:00","message":"request"}
{"level":"info","requestId":"be72060d289e4e6df3cf7a5b193568eb","method":"GET","path":"/estimates","time":"2026-08-14T16:05:42+08:00","message":"request"}
{"level":"info","requestId":"9c4175e87b007f17a4a5170f79e5035c","method":"GET","path":"/quotations","time":"2026-08-14T16:05:42+08:00","message":"request"}
{"level":"info","requestId":"684e6130a22e64172a89dd4620437955","method":"GET","path":"/rfqs","time":"2026-08-14T16:05:42+08:00","message":"request"}
{"level":"info","requestId":"c64f4d8f4964ca8ed5f322b557acb5dc","method":"GET","path":"/auth/me","time":"2026-08-14T16:06:01+08:00","message":"request"}
{"level":"info","requestId":"08a36ba4e8c2abbb544fa34b84976635","method":"GET","path":"/projects/6a7ec0b05b4243c8065aa7b3","time":"2026-08-14T16:06:02+08:00","message":"request"}
{"level":"info","requestId":"0dac24ef2b7e7bd99b9f6395693698c6","method":"GET","path":"/properties","time":"2026-08-14T16:06:02+08:00","message":"request"}
{"level":"info","requestId":"c7ba70f78c3e518fbcc5c0208b91b7f3","method":"GET","path":"/spaces","time":"2026-08-14T16:06:02+08:00","message":"request"}
{"level":"info","requestId":"d8e0bb1a5b562f25b9586318765eeeeb","method":"GET","path":"/estimates","time":"2026-08-14T16:06:02+08:00","message":"request"}
{"level":"info","requestId":"7bca2ee30a28247cd473dfeedc2c8983","method":"GET","path":"/work-items","time":"2026-08-14T16:06:02+08:00","message":"request"}
{"level":"info","requestId":"cffd479c4b6a4d126c0c41a0f3f89017","method":"GET","path":"/cost-items","time":"2026-08-14T16:06:02+08:00","message":"request"}
{"level":"info","requestId":"35695c02d772bd9407b7c06bee449d76","method":"GET","path":"/quotations","time":"2026-08-14T16:06:02+08:00","message":"request"}
{"level":"info","requestId":"103ae61150f237566c896c799dfebe83","method":"GET","path":"/rfqs","time":"2026-08-14T16:06:02+08:00","message":"request"}
{"level":"info","requestId":"43a9a3c6b6f6c3c9a3dc624ac1e15c64","method":"GET","path":"/clients/6a7ec0705b4243c8065aa7b2","time":"2026-08-14T16:06:02+08:00","message":"request"}
{"level":"info","requestId":"31869dab3cf847de0c09927c9f94b919","method":"GET","path":"/rfq-chains/6a7ec66b5b4243c8065aa7d9/versions","time":"2026-08-14T16:06:02+08:00","message":"request"}
{"level":"info","requestId":"4bdb9a3885094857ddb74dcb5557e51c","method":"GET","path":"/quotations/6a7ec5485b4243c8065aa7d1/share","time":"2026-08-14T16:06:02+08:00","message":"request"}
{"level":"info","requestId":"afde27565f62312c863ded8ac2e8800a","method":"GET","path":"/rfq-chains/6a7ec66b5b4243c8065aa7d9/invitations","time":"2026-08-14T16:06:02+08:00","message":"request"}
{"level":"info","requestId":"21885311fc1a9a24cdb0551a05fc7fc7","method":"GET","path":"/rfq-chains/6a7ec66b5b4243c8065aa7d9/issued-versions/6a7ec93b5b4243c8065aa7ff/comparison","time":"2026-08-14T16:06:02+08:00","message":"request"}
{"level":"info","requestId":"569ebe241858e4eeecfe58feb201641c","method":"GET","path":"/rfq-chains/6a7ec66b5b4243c8065aa7d9/issued-versions/6a7ec93b5b4243c8065aa7ff/award-revisions","time":"2026-08-14T16:06:02+08:00","message":"request"}
{"level":"info","requestId":"263eaec7838f1a5553dd632694f69f59","method":"GET","path":"/auth/me","time":"2026-08-14T16:06:15+08:00","message":"request"}
{"level":"info","requestId":"65ab5917538f4d35dba5dc00bb5f8536","method":"GET","path":"/cost-items","time":"2026-08-14T16:06:16+08:00","message":"request"}
{"level":"info","requestId":"3aa490103f57904ae8b27424e95ac0c5","method":"GET","path":"/work-items","time":"2026-08-14T16:06:16+08:00","message":"request"}
{"level":"info","requestId":"12789f5cfb51500bfdf897647959648e","method":"GET","path":"/materials","time":"2026-08-14T16:06:16+08:00","message":"request"}
{"level":"info","requestId":"7e0cbec4c7892b783266bea53c5d695d","method":"GET","path":"/auth/me","time":"2026-08-14T16:06:29+08:00","message":"request"}
{"level":"info","requestId":"22f5e7207f4b076ef15f5d93be1e3c4d","method":"GET","path":"/rfqs","time":"2026-08-14T16:06:29+08:00","message":"request"}
{"level":"info","requestId":"e48063b63e18da482688da313f9fdc7c","method":"GET","path":"/material-requirements","time":"2026-08-14T16:06:29+08:00","message":"request"}
{"level":"info","requestId":"248cf7839d929fa1612037d08c70b445","method":"GET","path":"/materials","time":"2026-08-14T16:06:29+08:00","message":"request"}
{"level":"info","requestId":"eced913c02a15d682b0e5fc75844aba7","method":"GET","path":"/suppliers","time":"2026-08-14T16:06:29+08:00","message":"request"}
{"level":"info","requestId":"4b2cc8736e8aeb8bea922529f0022f71","method":"GET","path":"/work-items","time":"2026-08-14T16:06:29+08:00","message":"request"}
{"level":"info","requestId":"d422c7379690fba1484cd4c19281a71c","method":"GET","path":"/rfq-chains/6a7ec66b5b4243c8065aa7d9/versions","time":"2026-08-14T16:06:29+08:00","message":"request"}
{"level":"info","requestId":"ebe127c5324e938e1a2a96fbec954808","method":"GET","path":"/rfq-chains/6a7ec66b5b4243c8065aa7d9/invitations","time":"2026-08-14T16:06:29+08:00","message":"request"}
{"level":"info","requestId":"166610727770a170a42121a2e9ad85f0","method":"GET","path":"/rfq-chains/6a7ec66b5b4243c8065aa7d9/issued-versions/6a7ec93b5b4243c8065aa7ff/comparison","time":"2026-08-14T16:06:29+08:00","message":"request"}
{"level":"info","requestId":"ba780dcc8d73491929c6467b523c4e3c","method":"GET","path":"/rfq-chains/6a7ec66b5b4243c8065aa7d9/issued-versions/6a7ec93b5b4243c8065aa7ff/award-revisions","time":"2026-08-14T16:06:29+08:00","message":"request"}
